Type,PIN,PIN From,PIN To,Prefix,District,State,Air Code,Station,Via,Remarks
Prefix,,,,560,,,BLR,BANGALORE,,MR PH sorting sheet
Prefix,,,,561,,,BLR,BANGALORE,,MR PH sorting sheet
Prefix,,,,562,,,BLR,BANGALORE,,MR PH sorting sheet
Prefix,,,,563,,,BLR,BANGALORE,,MR PH sorting sheet
Prefix,,,,515,,,BLR,BANGALORE,,MR PH sorting sheet
Prefix,,,,500,,,HYD,HYDERABAD,,MR PH sorting sheet
Prefix,,,,501,,,HYD,HYDERABAD,,MR PH sorting sheet
Prefix,,,,502,,,HYD,HYDERABAD,,MR PH sorting sheet
Prefix,,,,503,,,HYD,HYDERABAD,,MR PH sorting sheet
Prefix,,,,504,,,HYD,HYDERABAD,,MR PH sorting sheet
Prefix,,,,505,,,HYD,HYDERABAD,,MR PH sorting sheet
Prefix,,,,506,,,HYD,HYDERABAD,,MR PH sorting sheet
Prefix,,,,507,,,HYD,HYDERABAD,,MR PH sorting sheet
Prefix,,,,508,,,HYD,HYDERABAD,,MR PH sorting sheet
Prefix,,,,509,,,HYD,HYDERABAD,,MR PH sorting sheet
Prefix,,,,518,,,HYD,HYDERABAD,,MR PH sorting sheet
Prefix,,,,530,,,VTZ,VISAKHAPATNAM,,MR PH sorting sheet
Prefix,,,,531,,,VTZ,VISAKHAPATNAM,,MR PH sorting sheet
Prefix,,,,532,,,VTZ,VISAKHAPATNAM,,MR PH sorting sheet
Prefix,,,,533,,,VTZ,VISAKHAPATNAM,,MR PH sorting sheet
Prefix,,,,535,,,VTZ,VISAKHAPATNAM,,MR PH sorting sheet
Prefix,,,,781,,,GAU,GUWAHATI,,MR PH sorting sheet
Prefix,,,,782,,,GAU,GUWAHATI,,MR PH sorting sheet
Prefix,,,,783,,,GAU,GUWAHATI,,MR PH sorting sheet
Prefix,,,,784,,,GAU,GUWAHATI,,MR PH sorting sheet
Prefix,,,,790,,,GAU,GUWAHATI,,MR PH sorting sheet
Prefix,,,,794,,,GAU,GUWAHATI,,MR PH sorting sheet
PIN,788819,,,,,,GAU,GUWAHATI,,MR PH sorting sheet
PIN,788830,,,,,,GAU,GUWAHATI,,MR PH sorting sheet
PIN,788831,,,,,,GAU,GUWAHATI,,MR PH sorting sheet
PIN,788832,,,,,,GAU,GUWAHATI,,MR PH sorting sheet
Prefix,,,,785,,,GAU,DIBRUGARH PH,,MR PH sorting sheet
Prefix,,,,786,,,GAU,DIBRUGARH PH,,MR PH sorting sheet
Prefix,,,,787,,,GAU,DIBRUGARH PH,,MR PH sorting sheet
Prefix,,,,792,,,GAU,DIBRUGARH PH,,MR PH sorting sheet
Prefix,,,,788,,,GAU,SILCHAR,,MR PH sorting sheet
Prefix,,,,791,,,GAU,ITANAGAR,,MR PH sorting sheet
Prefix,,,,793,,,GAU,SHILLONG,,MR PH sorting sheet
Prefix,,,,795,,,DEL,IMPHAL,,MR PH sorting sheet
Prefix,,,,796,,,CCU,AIZAWL,,MR PH sorting sheet
Prefix,,,,799,,,GAU,AGARTALA,,MR PH sorting sheet
Prefix,,,,797,,,GAU,DIMAPUR,,MR PH sorting sheet
Prefix,,,,798,,,GAU,DIMAPUR,,MR PH sorting sheet
PIN,900056,,,,,,DEL,1 CBPO (APS),,MR PH sorting sheet
PIN,900099,,,,,,DEL,2 CBPO (APS),,MR PH sorting sheet
Prefix,,,,121,,,DEL,GURGAON,,MR PH sorting sheet
Prefix,,,,122,,,DEL,GURGAON,,MR PH sorting sheet
Prefix,,,,123,,,DEL,GURGAON,,MR PH sorting sheet
Prefix,,,,124,,,DEL,ROHTAK,,MR PH sorting sheet
Prefix,,,,125,,,DEL,ROHTAK,,MR PH sorting sheet
Prefix,,,,126,,,DEL,ROHTAK,,MR PH sorting sheet
Prefix,,,,127,,,DEL,ROHTAK,,MR PH sorting sheet
Prefix,,,,128,,,DEL,ROHTAK,,MR PH sorting sheet
Prefix,,,,129,,,DEL,ROHTAK,,MR PH sorting sheet
Prefix,,,,130,,,DEL,ROHTAK,,MR PH sorting sheet
Prefix,,,,131,,,DEL,ROHTAK,,MR PH sorting sheet
Prefix,,,,132,,,DEL,AMBALA,,MR PH sorting sheet
Prefix,,,,133,,,DEL,AMBALA,,MR PH sorting sheet
Prefix,,,,134,,,DEL,AMBALA,,MR PH sorting sheet
Prefix,,,,135,,,DEL,AMBALA,,MR PH sorting sheet
Prefix,,,,136,,,DEL,AMBALA,,MR PH sorting sheet
Prefix,,,,173,,,DEL,AMBALA,,MR PH sorting sheet
Prefix,,,,1741,,,DEL,AMBALA,,MR PH sorting sheet
Prefix,,,,171,,,DEL,NPH PARWANOO,,MR PH sorting sheet
Prefix,,,,172,,,DEL,NPH PARWANOO,,MR PH sorting sheet
Prefix,,,,174,,,DEL,PATHANKOT,,MR PH sorting sheet
Prefix,,,,175,,,DEL,PATHANKOT,,MR PH sorting sheet
Prefix,,,,176,,,DEL,PATHANKOT,,MR PH sorting sheet
Prefix,,,,177,,,DEL,PATHANKOT,,MR PH sorting sheet
Prefix,,,,1743,,,DEL,PATHANKOT,,MR PH sorting sheet
Prefix,,,,1745,,,DEL,PATHANKOT,,MR PH sorting sheet
Prefix,,,,600,,,MAA,CHENNAI,,MR PH sorting sheet
Prefix,,,,601,,,MAA,CHENNAI,,MR PH sorting sheet
Prefix,,,,602,,,MAA,CHENNAI,,MR PH sorting sheet
Prefix,,,,603,,,MAA,CHENNAI,,MR PH sorting sheet
Prefix,,,,604,,,MAA,CHENNAI,,MR PH sorting sheet
Prefix,,,,605,,,MAA,CHENNAI,,MR PH sorting sheet
Prefix,,,,606,,,MAA,CHENNAI,,MR PH sorting sheet
Prefix,,,,607,,,MAA,CHENNAI,,MR PH sorting sheet
Prefix,,,,608,,,MAA,CHENNAI,,MR PH sorting sheet
Prefix,,,,631,,,MAA,CHENNAI,,MR PH sorting sheet
Prefix,,,,632,,,MAA,CHENNAI,,MR PH sorting sheet
Prefix,,,,633,,,MAA,CHENNAI,,MR PH sorting sheet
Prefix,,,,634,,,MAA,CHENNAI,,MR PH sorting sheet
Prefix,,,,635,,,MAA,CHENNAI,,MR PH sorting sheet
Prefix,,,,6367,,,MAA,CHENNAI,,MR PH sorting sheet
Prefix,,,,6368,,,MAA,CHENNAI,,MR PH sorting sheet
Prefix,,,,6369,,,MAA,CHENNAI,,MR PH sorting sheet
Prefix,,,,636,,,MAA,SALEM,,MR PH sorting sheet
Prefix,,,,637,,,MAA,SALEM,,MR PH sorting sheet
Prefix,,,,638,,,MAA,SALEM,,MR PH sorting sheet
Prefix,,,,700,,,CCU,KOLKATA,,MR PH sorting sheet
Prefix,,,,711,,,CCU,KOLKATA,,MR PH sorting sheet
Prefix,,,,712,,,CCU,KOLKATA,,MR PH sorting sheet
Prefix,,,,713,,,CCU,KOLKATA,,MR PH sorting sheet
Prefix,,,,721,,,CCU,KOLKATA,,MR PH sorting sheet
Prefix,,,,722,,,CCU,KOLKATA,,MR PH sorting sheet
Prefix,,,,723,,,CCU,KOLKATA,,MR PH sorting sheet
Prefix,,,,731,,,CCU,KOLKATA,,MR PH sorting sheet
Prefix,,,,732,,,CCU,KOLKATA,,MR PH sorting sheet
Prefix,,,,733,,,CCU,KOLKATA,,MR PH sorting sheet
Prefix,,,,741,,,CCU,KOLKATA,,MR PH sorting sheet
Prefix,,,,742,,,CCU,KOLKATA,,MR PH sorting sheet
Prefix,,,,743,,,CCU,KOLKATA,,MR PH sorting sheet
Prefix,,,,7331,,,CCU,KOLKATA,,MR PH sorting sheet
Prefix,,,,734,,,IXB,SILIGURI,,MR PH sorting sheet
Prefix,,,,735,,,IXB,SILIGURI,,MR PH sorting sheet
Prefix,,,,736,,,IXB,SILIGURI,,MR PH sorting sheet
Prefix,,,,737,,,IXB,SILIGURI,,MR PH sorting sheet
Prefix,,,,7332,,,IXB,SILIGURI,,MR PH sorting sheet
Prefix,,,,7333,,,IXB,SILIGURI,,MR PH sorting sheet
Prefix,,,,7334,,,IXB,SILIGURI,,MR PH sorting sheet
Prefix,,,,7335,,,IXB,SILIGURI,,MR PH sorting sheet
Prefix,,,,7336,,,IXB,SILIGURI,,MR PH sorting sheet
Prefix,,,,7337,,,IXB,SILIGURI,,MR PH sorting sheet
Prefix,,,,7338,,,IXB,SILIGURI,,MR PH sorting sheet
Prefix,,,,7339,,,IXB,SILIGURI,,MR PH sorting sheet
Prefix,,,,744,,,CCU,PORT BLAIR,,MR PH sorting sheet
Prefix,,,,751,,,BBI,BHUBANESHWAR,,MR PH sorting sheet
Prefix,,,,752,,,BBI,BHUBANESHWAR,,MR PH sorting sheet
Prefix,,,,753,,,BBI,BHUBANESHWAR,,MR PH sorting sheet
Prefix,,,,754,,,BBI,BHUBANESHWAR,,MR PH sorting sheet
Prefix,,,,755,,,BBI,BHUBANESHWAR,,MR PH sorting sheet
Prefix,,,,756,,,BBI,BHUBANESHWAR,,MR PH sorting sheet
Prefix,,,,757,,,BBI,BHUBANESHWAR,,MR PH sorting sheet
Prefix,,,,758,,,BBI,BHUBANESHWAR,,MR PH sorting sheet
Prefix,,,,759,,,BBI,BHUBANESHWAR,,MR PH sorting sheet
Prefix,,,,760,,,BBI,BERHAMPUR,,MR PH sorting sheet
Prefix,,,,761,,,BBI,BERHAMPUR,,MR PH sorting sheet
Prefix,,,,762,,,BBI,BERHAMPUR,,MR PH sorting sheet
Prefix,,,,763,,,BBI,BERHAMPUR,,MR PH sorting sheet
Prefix,,,,764,,,BBI,BERHAMPUR,,MR PH sorting sheet
Prefix,,,,765,,,BBI,BERHAMPUR,,MR PH sorting sheet
Prefix,,,,766,,,BBI,BERHAMPUR,,MR PH sorting sheet
Prefix,,,,767,,,BBI,BERHAMPUR,,MR PH sorting sheet
Prefix,,,,768,,,BBI,SAMBALPUR,,MR PH sorting sheet
Prefix,,,,769,,,BBI,SAMBALPUR,,MR PH sorting sheet
Prefix,,,,770,,,BBI,SAMBALPUR,,MR PH sorting sheet
Prefix,,,,800,,,PAT,PATNA,,MR PH sorting sheet
Prefix,,,,801,,,PAT,PATNA,,MR PH sorting sheet
Prefix,,,,802,,,PAT,PATNA,,MR PH sorting sheet
Prefix,,,,803,,,PAT,PATNA,,MR PH sorting sheet
Prefix,,,,804,,,PAT,PATNA,,MR PH sorting sheet
Prefix,,,,805,,,PAT,PATNA,,MR PH sorting sheet
Prefix,,,,806,,,PAT,PATNA,,MR PH sorting sheet
Prefix,,,,807,,,PAT,PATNA,,MR PH sorting sheet
Prefix,,,,808,,,PAT,PATNA,,MR PH sorting sheet
Prefix,,,,809,,,PAT,PATNA,,MR PH sorting sheet
Prefix,,,,810,,,PAT,PATNA,,MR PH sorting sheet
Prefix,,,,811,,,PAT,PATNA,,MR PH sorting sheet
Prefix,,,,812,,,PAT,PATNA,,MR PH sorting sheet
Prefix,,,,813,,,PAT,PATNA,,MR PH sorting sheet
Prefix,,,,821,,,PAT,PATNA,,MR PH sorting sheet
Prefix,,,,823,,,PAT,PATNA,,MR PH sorting sheet
Prefix,,,,824,,,PAT,PATNA,,MR PH sorting sheet
Prefix,,,,841,,,PAT,PATNA,,MR PH sorting sheet
Prefix,,,,848,,,PAT,PATNA,,MR PH sorting sheet
Prefix,,,,851,,,PAT,PATNA,,MR PH sorting sheet
Prefix,,,,852,,,PAT,PATNA,,MR PH sorting sheet
Prefix,,,,853,,,PAT,PATNA,,MR PH sorting sheet
Prefix,,,,842,,,PAT,MUZAFFARPUR,,MR PH sorting sheet
Prefix,,,,843,,,PAT,MUZAFFARPUR,,MR PH sorting sheet
Prefix,,,,844,,,PAT,MUZAFFARPUR,,MR PH sorting sheet
Prefix,,,,845,,,PAT,MUZAFFARPUR,,MR PH sorting sheet
Prefix,,,,846,,,PAT,MUZAFFARPUR,,MR PH sorting sheet
Prefix,,,,847,,,PAT,MUZAFFARPUR,,MR PH sorting sheet
Prefix,,,,822,,,IXR,RANCHI,,MR PH sorting sheet
Prefix,,,,826,,,IXR,RANCHI,,MR PH sorting sheet
Prefix,,,,827,,,IXR,RANCHI,,MR PH sorting sheet
Prefix,,,,828,,,IXR,RANCHI,,MR PH sorting sheet
Prefix,,,,829,,,IXR,RANCHI,,MR PH sorting sheet
Prefix,,,,834,,,IXR,RANCHI,,MR PH sorting sheet
Prefix,,,,835,,,IXR,RANCHI,,MR PH sorting sheet
PIN,813208,,,,,,IXR,RANCHI,,MR PH sorting sheet
Prefix,,,,8254,,,IXR,RANCHI,,MR PH sorting sheet
Prefix,,,,814,,,IXR,DEOGARH,,MR PH sorting sheet
Prefix,,,,815,,,IXR,DEOGARH,,MR PH sorting sheet
Prefix,,,,816,,,IXR,DEOGARH,,MR PH sorting sheet
Prefix,,,,831,,,IXR,JAMSHEDPUR,,MR PH sorting sheet
Prefix,,,,832,,,IXR,JAMSHEDPUR,,MR PH sorting sheet
Prefix,,,,833,,,IXR,JAMSHEDPUR,,MR PH sorting sheet
Prefix,,,,201,,,DEL,GHAZIABAD,,MR PH sorting sheet
Prefix,,,,203,,,DEL,GHAZIABAD,,MR PH sorting sheet
Prefix,,,,245,,,DEL,GHAZIABAD,,MR PH sorting sheet
Prefix,,,,247,,,DEL,GHAZIABAD,,MR PH sorting sheet
Prefix,,,,250,,,DEL,GHAZIABAD,,MR PH sorting sheet
Prefix,,,,251,,,DEL,GHAZIABAD,,MR PH sorting sheet
Prefix,,,,202,,,JAI,AGRA,,MR PH sorting sheet
Prefix,,,,204,,,JAI,AGRA,,MR PH sorting sheet
Prefix,,,,205,,,JAI,AGRA,,MR PH sorting sheet
Prefix,,,,206,,,JAI,AGRA,,MR PH sorting sheet
Prefix,,,,207,,,JAI,AGRA,,MR PH sorting sheet
Prefix,,,,281,,,JAI,AGRA,,MR PH sorting sheet
Prefix,,,,282,,,JAI,AGRA,,MR PH sorting sheet
Prefix,,,,283,,,JAI,AGRA,,MR PH sorting sheet
Prefix,,,,284,,,JAI,AGRA,,MR PH sorting sheet
Prefix,,,,285,,,JAI,AGRA,,MR PH sorting sheet
Prefix,,,,208,,,LKO,KANPUR,,MR PH sorting sheet
Prefix,,,,209,,,LKO,KANPUR,,MR PH sorting sheet
Prefix,,,,210,,,LKO,KANPUR,,MR PH sorting sheet
Prefix,,,,2126,,,LKO,KANPUR,,MR PH sorting sheet
Prefix,,,,211,,,LKO,PRAYAGRAJ,,MR PH sorting sheet
Prefix,,,,212,,,LKO,PRAYAGRAJ,,MR PH sorting sheet
Prefix,,,,221,,,LKO,PRAYAGRAJ,,MR PH sorting sheet
Prefix,,,,222,,,LKO,PRAYAGRAJ,,MR PH sorting sheet
Prefix,,,,223,,,LKO,PRAYAGRAJ,,MR PH sorting sheet
Prefix,,,,230,,,LKO,PRAYAGRAJ,,MR PH sorting sheet
Prefix,,,,231,,,LKO,PRAYAGRAJ,,MR PH sorting sheet
Prefix,,,,232,,,LKO,PRAYAGRAJ,,MR PH sorting sheet
Prefix,,,,233,,,LKO,PRAYAGRAJ,,MR PH sorting sheet
Range,,229408,229413,,,,LKO,PRAYAGRAJ,,MR PH sorting sheet
Prefix,,,,275,,,LKO,PRAYAGRAJ,,MR PH sorting sheet
Prefix,,,,276,,,LKO,PRAYAGRAJ,,MR PH sorting sheet
Prefix,,,,277,,,LKO,PRAYAGRAJ,,MR PH sorting sheet
Prefix,,,,241,,,DEL,BAREILLY,,MR PH sorting sheet
Prefix,,,,242,,,DEL,BAREILLY,,MR PH sorting sheet
Prefix,,,,243,,,DEL,BAREILLY,,MR PH sorting sheet
Prefix,,,,244,,,DEL,BAREILLY,,MR PH sorting sheet
Prefix,,,,224,,,LKO,LUCKNOW,,MR PH sorting sheet
Prefix,,,,225,,,LKO,LUCKNOW,,MR PH sorting sheet
Prefix,,,,226,,,LKO,LUCKNOW,,MR PH sorting sheet
Prefix,,,,227,,,LKO,LUCKNOW,,MR PH sorting sheet
Prefix,,,,228,,,LKO,LUCKNOW,,MR PH sorting sheet
Prefix,,,,229,,,LKO,LUCKNOW,,MR PH sorting sheet
Prefix,,,,261,,,LKO,LUCKNOW,,MR PH sorting sheet
Prefix,,,,2627,,,LKO,LUCKNOW,,MR PH sorting sheet
Prefix,,,,2628,,,LKO,LUCKNOW,,MR PH sorting sheet
Prefix,,,,2629,,,LKO,LUCKNOW,,MR PH sorting sheet
Prefix,,,,271,,,LKO,GORAKHPUR,,MR PH sorting sheet
Prefix,,,,272,,,LKO,GORAKHPUR,,MR PH sorting sheet
Prefix,,,,273,,,LKO,GORAKHPUR,,MR PH sorting sheet
Prefix,,,,274,,,LKO,GORAKHPUR,,MR PH sorting sheet
Prefix,,,,246,,,DED,DEHRADUN,,MR PH sorting sheet
Prefix,,,,2476,,,DED,DEHRADUN,,MR PH sorting sheet
Prefix,,,,248,,,DED,DEHRADUN,,MR PH sorting sheet
Prefix,,,,249,,,DED,DEHRADUN,,MR PH sorting sheet
Prefix,,,,262,,,DED,RUDRAPUR,,MR PH sorting sheet
Prefix,,,,263,,,DED,RUDRAPUR,,MR PH sorting sheet
PIN,244712,,,,,,DED,RUDRAPUR,,MR PH sorting sheet
PIN,244713,,,,,,DED,RUDRAPUR,,MR PH sorting sheet
PIN,244715,,,,,,DED,RUDRAPUR,,MR PH sorting sheet
PIN,244717,,,,,,DED,RUDRAPUR,,MR PH sorting sheet
Prefix,,,,450,,,IDR,INDORE,,MR PH sorting sheet
Prefix,,,,451,,,IDR,INDORE,,MR PH sorting sheet
Prefix,,,,452,,,IDR,INDORE,,MR PH sorting sheet
Prefix,,,,453,,,IDR,INDORE,,MR PH sorting sheet
Prefix,,,,454,,,IDR,INDORE,,MR PH sorting sheet
Prefix,,,,455,,,IDR,INDORE,,MR PH sorting sheet
Prefix,,,,456,,,IDR,INDORE,,MR PH sorting sheet
Prefix,,,,457,,,IDR,INDORE,,MR PH sorting sheet
Prefix,,,,458,,,IDR,INDORE,,MR PH sorting sheet
Prefix,,,,460,,,BHO,BHOPAL,,MR PH sorting sheet
Prefix,,,,461,,,BHO,BHOPAL,,MR PH sorting sheet
Prefix,,,,462,,,BHO,BHOPAL,,MR PH sorting sheet
Prefix,,,,463,,,BHO,BHOPAL,,MR PH sorting sheet
Prefix,,,,464,,,BHO,BHOPAL,,MR PH sorting sheet
Prefix,,,,465,,,BHO,BHOPAL,,MR PH sorting sheet
Prefix,,,,466,,,BHO,BHOPAL,,MR PH sorting sheet
PIN,480344,,,,,,BHO,BHOPAL,,MR PH sorting sheet
PIN,480338,,,,,,BHO,BHOPAL,,MR PH sorting sheet
PIN,470113,,,,,,BHO,BHOPAL,,MR PH sorting sheet
PIN,470124,,,,,,BHO,BHOPAL,,MR PH sorting sheet
Prefix,,,,480,,,IXC,JABALPUR,,MR PH sorting sheet
Prefix,,,,481,,,IXC,JABALPUR,,MR PH sorting sheet
Prefix,,,,482,,,IXC,JABALPUR,,MR PH sorting sheet
Prefix,,,,483,,,IXC,JABALPUR,,MR PH sorting sheet
Prefix,,,,484,,,IXC,JABALPUR,,MR PH sorting sheet
Prefix,,,,485,,,IXC,JABALPUR,,MR PH sorting sheet
Prefix,,,,486,,,IXC,JABALPUR,,MR PH sorting sheet
Prefix,,,,487,,,IXC,JABALPUR,,MR PH sorting sheet
Prefix,,,,488,,,IXC,JABALPUR,,MR PH sorting sheet
Prefix,,,,490,,,RPR,RAIPUR,,MR PH sorting sheet
Prefix,,,,491,,,RPR,RAIPUR,,MR PH sorting sheet
Prefix,,,,492,,,RPR,RAIPUR,,MR PH sorting sheet
Prefix,,,,493,,,RPR,RAIPUR,,MR PH sorting sheet
Prefix,,,,494,,,RPR,RAIPUR,,MR PH sorting sheet
Prefix,,,,495,,,RPR,RAIPUR,,MR PH sorting sheet
Prefix,,,,496,,,RPR,RAIPUR,,MR PH sorting sheet
Prefix,,,,497,,,RPR,RAIPUR,,MR PH sorting sheet
Prefix,,,,470,,,BHO,GWALIOR,,MR PH sorting sheet
Prefix,,,,471,,,BHO,GWALIOR,,MR PH sorting sheet
Prefix,,,,472,,,BHO,GWALIOR,,MR PH sorting sheet
Prefix,,,,473,,,BHO,GWALIOR,,MR PH sorting sheet
Prefix,,,,474,,,BHO,GWALIOR,,MR PH sorting sheet
Prefix,,,,475,,,BHO,GWALIOR,,MR PH sorting sheet
Prefix,,,,476,,,BHO,GWALIOR,,MR PH sorting sheet
Prefix,,,,477,,,BHO,GWALIOR,,MR PH sorting sheet
Prefix,,,,141,,,IXC,LUDHIANA,,MR PH sorting sheet
Prefix,,,,142,,,IXC,LUDHIANA,,MR PH sorting sheet
Prefix,,,,151,,,IXC,LUDHIANA,,MR PH sorting sheet
Prefix,,,,152,,,IXC,LUDHIANA,,MR PH sorting sheet
Prefix,,,,143,,,IXC,JALANDHAR CITY,,MR PH sorting sheet
Prefix,,,,144,,,IXC,JALANDHAR CITY,,MR PH sorting sheet
Prefix,,,,145,,,IXC,JALANDHAR CITY,,MR PH sorting sheet
Prefix,,,,146,,,IXC,JALANDHAR CITY,,MR PH sorting sheet
Prefix,,,,140,,,IXC,CHANDIGARH,,MR PH sorting sheet
Prefix,,,,147,,,IXC,CHANDIGARH,,MR PH sorting sheet
Prefix,,,,160,,,IXC,CHANDIGARH,,MR PH sorting sheet
PIN,144533,,,,,,IXC,CHANDIGARH,,MR PH sorting sheet
Prefix,,,,180,,,DEL,JAMMU,,MR PH sorting sheet
Prefix,,,,181,,,DEL,JAMMU,,MR PH sorting sheet
Prefix,,,,182,,,DEL,JAMMU,,MR PH sorting sheet
Prefix,,,,183,,,DEL,JAMMU,,MR PH sorting sheet
Prefix,,,,184,,,DEL,JAMMU,,MR PH sorting sheet
Prefix,,,,185,,,DEL,JAMMU,,MR PH sorting sheet
Prefix,,,,190,,,DEL,SRINAGAR,,MR PH sorting sheet
Prefix,,,,191,,,DEL,SRINAGAR,,MR PH sorting sheet
Prefix,,,,192,,,DEL,SRINAGAR,,MR PH sorting sheet
Prefix,,,,193,,,DEL,SRINAGAR,,MR PH sorting sheet
Prefix,,,,194,,,DEL,LEH,,MR PH sorting sheet
Prefix,,,,301,,,JAI,JAIPUR,,MR PH sorting sheet
Prefix,,,,302,,,JAI,JAIPUR,,MR PH sorting sheet
Prefix,,,,303,,,JAI,JAIPUR,,MR PH sorting sheet
Prefix,,,,304,,,JAI,JAIPUR,,MR PH sorting sheet
Prefix,,,,313,,,JAI,JAIPUR,,MR PH sorting sheet
Prefix,,,,314,,,JAI,JAIPUR,,MR PH sorting sheet
Prefix,,,,321,,,JAI,JAIPUR,,MR PH sorting sheet
Prefix,,,,322,,,JAI,JAIPUR,,MR PH sorting sheet
Prefix,,,,323,,,JAI,JAIPUR,,MR PH sorting sheet
Prefix,,,,324,,,JAI,JAIPUR,,MR PH sorting sheet
Prefix,,,,325,,,JAI,JAIPUR,,MR PH sorting sheet
Prefix,,,,326,,,JAI,JAIPUR,,MR PH sorting sheet
Prefix,,,,331,,,JAI,JAIPUR,,MR PH sorting sheet
Prefix,,,,332,,,JAI,JAIPUR,,MR PH sorting sheet
Prefix,,,,333,,,JAI,JAIPUR,,MR PH sorting sheet
Prefix,,,,335,,,JAI,JAIPUR,,MR PH sorting sheet
Prefix,,,,305,,,JAI,AJMER,,MR PH sorting sheet
Prefix,,,,306,,,JAI,AJMER,,MR PH sorting sheet
Prefix,,,,307,,,JAI,AJMER,,MR PH sorting sheet
Prefix,,,,311,,,JAI,AJMER,,MR PH sorting sheet
Prefix,,,,312,,,JAI,AJMER,,MR PH sorting sheet
Prefix,,,,343,,,JAI,AJMER,,MR PH sorting sheet
Prefix,,,,334,,,JDH,JODHPUR,,MR PH sorting sheet
Prefix,,,,341,,,JDH,JODHPUR,,MR PH sorting sheet
Prefix,,,,342,,,JDH,JODHPUR,,MR PH sorting sheet
Prefix,,,,344,,,JDH,JODHPUR,,MR PH sorting sheet
Prefix,,,,345,,,JDH,JODHPUR,,MR PH sorting sheet
Prefix,,,,3429,,,JDH,JODHPUR,,MR PH sorting sheet
PIN,305026,,,,,,JDH,JODHPUR,,MR PH sorting sheet
PIN,331801,,,,,,JDH,JODHPUR,,MR PH sorting sheet
PIN,331803,,,,,,JDH,JODHPUR,,MR PH sorting sheet
PIN,331811,,,,,,JDH,JODHPUR,,MR PH sorting sheet
Prefix,,,,370,,,AMD,AHMEDABAD,,MR PH sorting sheet
Prefix,,,,380,,,AMD,AHMEDABAD,,MR PH sorting sheet
Prefix,,,,382,,,AMD,AHMEDABAD,,MR PH sorting sheet
Prefix,,,,383,,,AMD,AHMEDABAD,,MR PH sorting sheet
Prefix,,,,384,,,AMD,AHMEDABAD,,MR PH sorting sheet
Prefix,,,,385,,,AMD,AHMEDABAD,,MR PH sorting sheet
Prefix,,,,387,,,BDQ,VADODARA,,MR PH sorting sheet
Prefix,,,,388,,,BDQ,VADODARA,,MR PH sorting sheet
Prefix,,,,389,,,BDQ,VADODARA,,MR PH sorting sheet
Prefix,,,,390,,,BDQ,VADODARA,,MR PH sorting sheet
Prefix,,,,391,,,BDQ,VADODARA,,MR PH sorting sheet
Prefix,,,,3911,,,BDQ,VADODARA,,MR PH sorting sheet
Prefix,,,,3912,,,BDQ,VADODARA,,MR PH sorting sheet
Prefix,,,,3913,,,BDQ,VADODARA,,MR PH sorting sheet
Prefix,,,,3914,,,BDQ,VADODARA,,MR PH sorting sheet
Prefix,,,,3915,,,BDQ,VADODARA,,MR PH sorting sheet
Prefix,,,,3916,,,BDQ,VADODARA,,MR PH sorting sheet
Prefix,,,,3917,,,BDQ,VADODARA,,MR PH sorting sheet
Prefix,,,,3923,,,BDQ,VADODARA,,MR PH sorting sheet
Prefix,,,,393,,,BDQ,SURAT,,MR PH sorting sheet
Prefix,,,,394,,,BDQ,SURAT,,MR PH sorting sheet
Prefix,,,,395,,,BDQ,SURAT,,MR PH sorting sheet
Prefix,,,,396,,,BDQ,SURAT,,MR PH sorting sheet
Prefix,,,,3918,,,BDQ,SURAT,,MR PH sorting sheet
Prefix,,,,3919,,,BDQ,SURAT,,MR PH sorting sheet
Prefix,,,,3920,,,BDQ,SURAT,,MR PH sorting sheet
Prefix,,,,3921,,,BDQ,SURAT,,MR PH sorting sheet
Prefix,,,,3922,,,BDQ,SURAT,,MR PH sorting sheet
Prefix,,,,360,,,AMD,RAJKOT,,MR PH sorting sheet
Prefix,,,,361,,,AMD,RAJKOT,,MR PH sorting sheet
Prefix,,,,362,,,AMD,RAJKOT,,MR PH sorting sheet
Prefix,,,,363,,,AMD,RAJKOT,,MR PH sorting sheet
Prefix,,,,364,,,AMD,RAJKOT,,MR PH sorting sheet
Prefix,,,,365,,,AMD,RAJKOT,,MR PH sorting sheet
Prefix,,,,3827,,,AMD,RAJKOT,,MR PH sorting sheet
Prefix,,,,400,,,BOM,MUMBAI,,MR PH sorting sheet
Prefix,,,,401,,,BOM,MUMBAI,,MR PH sorting sheet
Prefix,,,,4101,,,BOM,MUMBAI,,MR PH sorting sheet
Prefix,,,,4102,,,BOM,MUMBAI,,MR PH sorting sheet
Prefix,,,,4156,,,BOM,MUMBAI,,MR PH sorting sheet
Prefix,,,,4157,,,BOM,MUMBAI,,MR PH sorting sheet
Prefix,,,,4158,,,BOM,MUMBAI,,MR PH sorting sheet
Prefix,,,,4165,,,BOM,MUMBAI,,MR PH sorting sheet
Prefix,,,,4167,,,BOM,MUMBAI,,MR PH sorting sheet
Prefix,,,,421,,,BOM,MUMBAI,,MR PH sorting sheet
Prefix,,,,422,,,BOM,MUMBAI,,MR PH sorting sheet
Prefix,,,,423,,,BOM,MUMBAI,,MR PH sorting sheet
Prefix,,,,424,,,BOM,MUMBAI,,MR PH sorting sheet
Prefix,,,,425,,,BOM,MUMBAI,,MR PH sorting sheet
Prefix,,,,410,,,PNQ,PUNE,,MR PH sorting sheet
Prefix,,,,411,,,PNQ,PUNE,,MR PH sorting sheet
Prefix,,,,412,,,PNQ,PUNE,,MR PH sorting sheet
Prefix,,,,413,,,PNQ,PUNE,,MR PH sorting sheet
Prefix,,,,414,,,PNQ,PUNE,,MR PH sorting sheet
Prefix,,,,415,,,PNQ,PUNE,,MR PH sorting sheet
Prefix,,,,416,,,PNQ,PUNE,,MR PH sorting sheet
Prefix,,,,4231,,,PNQ,PUNE,,MR PH sorting sheet
Prefix,,,,431,,,IXU,CHHATRAPATI SAMBHAJINAGAR,,MR PH sorting sheet
Prefix,,,,4237,,,IXU,CHHATRAPATI SAMBHAJINAGAR,,MR PH sorting sheet
Prefix,,,,4238,,,IXU,CHHATRAPATI SAMBHAJINAGAR,,MR PH sorting sheet
Prefix,,,,4239,,,IXU,CHHATRAPATI SAMBHAJINAGAR,,MR PH sorting sheet
PIN,413207,,,,,,IXU,CHHATRAPATI SAMBHAJINAGAR,,MR PH sorting sheet
PIN,413229,,,,,,IXU,CHHATRAPATI SAMBHAJINAGAR,,MR PH sorting sheet
PIN,413249,,,,,,IXU,CHHATRAPATI SAMBHAJINAGAR,,MR PH sorting sheet
Range,,414202,414205,,,,IXU,CHHATRAPATI SAMBHAJINAGAR,,MR PH sorting sheet
PIN,414208,,,,,,IXU,CHHATRAPATI SAMBHAJINAGAR,,MR PH sorting sheet
Prefix,,,,440,,,NAG,NAGPUR,,MR PH sorting sheet
Prefix,,,,441,,,NAG,NAGPUR,,MR PH sorting sheet
Prefix,,,,442,,,NAG,NAGPUR,,MR PH sorting sheet
Prefix,,,,443,,,NAG,NAGPUR,,MR PH sorting sheet
Prefix,,,,444,,,NAG,NAGPUR,,MR PH sorting sheet
Prefix,,,,445,,,NAG,NAGPUR,,MR PH sorting sheet
Prefix,,,,110,,,DEL,DELHI,,MR PH sorting sheet
Prefix,,,,403,,,NIL,MARGAON,,MR PH sorting sheet
Prefix,,,,4166,,,NIL,MARGAON,,MR PH sorting sheet
Prefix,,,,4168,,,NIL,MARGAON,,MR PH sorting sheet
Prefix,,,,4169,,,NIL,MARGAON,,MR PH sorting sheet
Range,,416510,416525,,,,NIL,MARGAON,,MR PH sorting sheet
Range,,416528,416550,,,,NIL,MARGAON,,MR PH sorting sheet
PIN,416703,,,,,,NIL,MARGAON,,MR PH sorting sheet
PIN,561202,,,,,,NIL,TUMAKURU,,MR PH sorting sheet
