Type,PIN,PIN From,PIN To,Prefix,Office,District,State,Bag No,Bag Name,Section,Remarks,Category,Connectivity,Colour
Office,,,,,Sampaje,,,Puttur Line,,1,Manglore 2,TD,,
Office,,,,,Aranthodu,,,Puttur Line,,2,Manglore 2,TD,,
Office,,,,,Kurunjibagh,,,Puttur Line,,3,Manglore 2,TD,,
Office,,,,,Sulia,,,Puttur Line,,4,Manglore 2,TD,,
Office,,,,,Doddathota,,,Puttur Line,,4,Manglore 2,TD,,
Office,,,,,Guthigare,,,Puttur Line,,4,Manglore 2,TD,,
Office,,,,,Bellare,,,Puttur Line,,5,Manglore 2,TD,,
Office,,,,,Kav,,,Puttur Line,,6,Manglore 2,TD,,
Office,,,,,Ishwarmangala,,,Puttur Line,,6,Manglore 2,TD,,
Office,,,,,Aryapu,,,Puttur Line,,7,Manglore 2,TD,,
Office,,,,,Darbe,,,Puttur Line,,8,Manglore 2,TD,,
Office,,,,,Kaniyur,,,Puttur Line,,9,Manglore 2,TD,,
Office,,,,,Panja,,,Puttur Line,,10,Manglore 2,TD,,
Office,,,,,Panaje,,,Puttur Line,,11,Manglore 2,TD,,
Office,,,,,Puttur Ho,,,Puttur Line,,12,Manglore 2,TD,,
Office,,,,,Kabaka,,,Puttur Line,,13,Manglore 2,TD,,
Office,,,,,Vittla,,,Puttur Line,,14,Manglore 2,TD,,
Office,,,,,Adyanadta,,,Puttur Line,,14,Manglore 2,TD,,
Office,,,,,Satya Sahi Vihara,,,Puttur Line,,14,Manglore 2,TD,,
Office,,,,,Kanyana,,,Puttur Line,,14,Manglore 2,TD,,
Office,,,,,Manchi,,,Puttur Line,,15,Manglore 2,TD,,
Office,,,,,Hebri,,,Karkala Line,,1,Manglore 2,TD,,
Office,,,,,Muniyal,,,Karkala Line,,2,Manglore 2,TD,,
Office,,,,,Ajekar,,,Karkala Line,,3,Manglore 2,TD,,
Office,,,,,Kukkundur,,,Karkala Line,,4,Manglore 2,TD,,
Office,,,,,KarkalaHo,,,Karkala Line,,5,Manglore 2,TD,,
Office,,,,,Palli,,,Karkala Line,,5,Manglore 2,TD,,
Office,,,,,Bilur,,,Karkala Line,,5,Manglore 2,TD,,
Office,,,,,Miyar,,,Karkala Line,,5,Manglore 2,TD,,
Office,,,,,Bajegoli,,,Karkala Line,,5,Manglore 2,TD,,
Office,,,,,Naravi,,,Karkala Line,,5,Manglore 2,TD,,
Office,,,,,Nitte,,,Karkala Line,,5,Manglore 2,TD,,
Office,,,,,Sanur,,,Karkala Line,,6,Manglore 2,TD,,
Office,,,,,Belvai,,,Karkala Line,,7,Manglore 2,TD,,
Office,,,,,Kantavara,,,Karkala Line,,7,Manglore 2,TD,,
Office,,,,,Moodabidri,,,Karkala Line,,8,Manglore 2,TD,,
Office,,,,,Kodangal,,,Karkala Line,,8,Manglore 2,TD,,
Office,,,,,Kalla Mundkur,,,Karkala Line,,8,Manglore 2,TD,,
Office,,,,,Mithabail,,,Karkala Line,,8,Manglore 2,TD,,
Office,,,,,Shrithadi,,,Karkala Line,,8,Manglore 2,TD,,
Office,,,,,Venur,,,Karkala Line,,8,Manglore 2,TD,,
Office,,,,,Mijar,,,Karkala Line,,9,Manglore 2,TD,,
Office,,,,,Badaga Yeda Padav,,,Karkala Line,,10,Manglore 2,TD,,
Office,,,,,Ganjimatt,,,Karkala Line,,11,Manglore 2,TD,,
Office,,,,,Kuppe Padav,,,Karkala Line,,12,Manglore 2,TD,,
Office,,,,,Kinnikambla,,,Karkala Line,,13,Manglore 2,TD,,
Office,,,,,Gurpur,,,Karkala Line,,14,Manglore 2,TD,,
Office,,,,,Vamanjoor,,,Karkala Line,,15,Manglore 2,TD,,
Office,,,,,Dharmastala,,,Charmadi Line,,1,Manglore 2,TD,,
Office,,,,,Mundaje,,,Charmadi Line,,2,Manglore 2,TD,,
Office,,,,,Ujire,,,Charmadi Line,,3,Manglore 2,TD,,
Office,,,,,Belthangadi,,,Charmadi Line,,4,Manglore 2,TD,,
Office,,,,,GV Kere,,,Charmadi Line,,5,Manglore 2,TD,,
Office,,,,,Madanthyar,,,Charmadi Line,,6,Manglore 2,TD,,
Office,,,,,Punjalkatte,,,Charmadi Line,,7,Manglore 2,TD,,
Office,,,,,Vogga,,,Charmadi Line,,8,Manglore 2,TD,,
Office,,,,,Siddakatte,,,Charmadi Line,,9,Manglore 2,TD,,
Office,,,,,Vamdapadv,,,Charmadi Line,,10,Manglore 2,TD,,
Office,,,,,Bantwal,,,Charmadi Line,,11,Manglore 2,TD,,
Office,,,,,Jodumarga,,,Charmadi Line,,12,Manglore 2,TD,,
Office,,,,,Farangipete,,,Charmadi Line,,13,Manglore 2,TD,,
Office,,,,,Subramanya,,,Subramany Line,,1,Manglore 2,TD,,
Office,,,,,Nettana,,,Subramany Line,,2,Manglore 2,TD,,
Office,,,,,Kadaba,,,Subramany Line,,3,Manglore 2,TD,,
Office,,,,,Alankar,,,Subramany Line,,4,Manglore 2,TD,,
Office,,,,,Nellyadi,,,Subramany Line,,5,Manglore 2,TD,,
Office,,,,,Kokkada,,,Subramany Line,,6,Manglore 2,TD,,
Office,,,,,Uppinagadi,,,Subramany Line,,7,Manglore 2,TD,,
Office,,,,,Kalleri,,,Subramany Line,,8,Manglore 2,TD,,
Office,,,,,Nekkilady,,,Subramany Line,,9,Manglore 2,TD,,
Office,,,,,Mani,,,Subramany Line,,10,Manglore 2,TD,,
Office,,,,,Kaladka,,,Subramany Line,,11,Manglore 2,TD,,
Office,,,,,Pane Mangaluru,,,Subramany Line,,12,Manglore 2,TD,,
Office,,,,,Belman,,,Belman Line,,1,Manglore 2,TD,,
Office,,,,,Mundkuru,,,Belman Line,,2,Manglore 2,TD,,
Office,,,,,Aikala,,,Belman Line,,3,Manglore 2,TD,,
Office,,,,,Muki,,,Belman Line,,4,Manglore 2,TD,,
Office,,,,,Haleangadi,,,Belman Line,,5,Manglore 2,TD,,
Office,,,,,Kinigoli,,,Belman Line,,6,Manglore 2,TD,,
Office,,,,,Bajape,,,Belman Line,,7,Manglore 2,TD,,
Office,,,,,Permude,,,Belman Line,,8,Manglore 2,TD,,
Office,,,,,Kateel,,,Belman Line,,9,Manglore 2,TD,,
Office,,,,,Srinivas Nagara,,,Belman Line,,10,Manglore 2,TD,,
Office,,,,,Katipala,,,Belman Line,,11,Manglore 2,TD,,
Office,,,,,Surthkal,,,Belman Line,,12,Manglore 2,TD,,
Office,,,,,Kulai,,,Belman Line,,13,Manglore 2,TD,,
Office,,,,,Bykampadi,,,Belman Line,,14,Manglore 2,TD,,
Office,,,,,Panambur,,,Belman Line,,15,Manglore 2,TD,,
Office,,,,,Kulur,,,Belman Line,,16,Manglore 2,TD,,
Office,,,,,Ashok Nagar,,,Belman Line,,17,Manglore 2,TD,,
Office,,,,,Kulashekhara,,,Kulashekhara Line,,1,Manglore 2,TD,,
Office,,,,,Shakthi Nagara,,,Kulashekhara Line,,2,Manglore 2,TD,,
Office,,,,,Pedamale,,,Kulashekhara Line,,3,Manglore 2,TD,,
Office,,,,,Padeel,,,Kulashekhara Line,,4,Manglore 2,TD,,
Office,,,,,Konchadi,,,Kulashekhara Line,,5,Manglore 2,TD,,
Office,,,,,Kavuru,,,Kulashekhara Line,,6,Manglore 2,TD,,
Office,,,,,Someshwara Uchila,,,Kotekar Line,,1,Manglore 2,TD,,
Office,,,,,Ullaa,,,Kotekar Line,,2,Manglore 2,TD,,
Office,,,,,Permanur,,,Kotekar Line,,3,Manglore 2,TD,,
Office,,,,,Deralakatte,,,Kotekar Line,,4,Manglore 2,TD,,
Office,,,,,Mangalagangothri,,,Kotekar Line,,5,Manglore 2,TD,,
Office,,,,,Kurnad,,,Kotekar Line,,6,Manglore 2,TD,,
Office,,,,,Kotekar,,,Kotekar Line,,7,Manglore 2,TD,,
Office,,,,,Bijai,,,Kotekar Line,,8,Manglore 2,TD,,
Office,,,,,Kodiyalbail,,,Kotekar Line,,9,Manglore 2,TD,,
PIN,574103,,,,,,,Udupi Line,,,Hejamadi SO,TD,,
PIN,574105,,,,,,,Udupi Line,,,Katapadi SO,TD,,
PIN,574106,,,,,,,Udupi Line,,,Kaup SO,TD,,
PIN,574111,,,,,,,Udupi Line,,,Padubidri SO,TD,,
PIN,574113,,,,,,,Udupi Line,,,Pilar SO,TD,,
PIN,574115,,,,,,,Udupi Line,,,Shankarapura SO,TD,,
PIN,574116,,,,,,,Udupi Line,,,Shirva SO,TD,,
PIN,574117,,,,,,,Udupi Line,,,Uchila SO,TD,,
PIN,574118,,,,,,,Udupi Line,,,Udyavara SO,TD,,
PIN,574119,,,,,,,Udupi Line,,,Yermal SO,TD,,
PIN,576101,,,,,,,Udupi Line,,,Udupi HO SO,TD,,
PIN,576102,,,,,,,Udupi Line,,,Kunjibettu SO,TD,,
PIN,576103,,,,,,,Udupi Line,,,Ambalapdi SO,TD,,
PIN,576104,,,,,,,Udupi Line,,,Manipal HO SO,TD,,
PIN,576105,,,,,,,Udupi Line,,,Santhekatte SO,TD,,
PIN,576106,,,,,,,Udupi Line,,,Krodashrama SO,TD,,
PIN,576107,,,,,,,Udupi Line,,,Parkala SO,TD,,
PIN,576108,,,,,,,Udupi Line,,,Malpe SO,TD,,
PIN,576113,,,,,,,Udupi Line,,,Hiriadka SO,TD,,
PIN,576114,,,,,,,Udupi Line,,,Kallianapura SO,TD,,
PIN,576115,,,,,,,Udupi Line,,,Kemmannu SO,TD,,
PIN,576120,,,,,,,Udupi Line,,,Moodubelle SO,TD,,
PIN,576122,,,,,,,Udupi Line,,,Pangala SO,TD,,
PIN,576124,,,,,,,Udupi Line,,,Perdur SO,TD,,
PIN,576201,,,,,,,Udupi Line,,,Kundapura HO SO,TD,,
PIN,576210,,,,,,,Udupi Line,,,Barkur SO,TD,,
PIN,576211,,,,,,,Udupi Line,,,Basrur SO,TD,,
PIN,576212,,,,,,,Udupi Line,,,Belve SO,TD,,
PIN,576213,,,,,,,Udupi Line,,,Brahmavara SO,TD,,
PIN,576214,,,,,,,Udupi Line,,,Byndoor SO,TD,,
PIN,576215,,,,,,,Udupi Line,,,Cherkadi SO,TD,,
PIN,576216,,,,,,,Udupi Line,,,Ganguli SO,TD,,
PIN,576217,,,,,,,Udupi Line,,,Hanglur SO,TD,,
PIN,576218,,,,,,,Udupi Line,,,Hungarcutta SO,TD,,
PIN,576219,,,,,,,Udupi Line,,,Khambadakone SO,TD,,
PIN,576220,,,,,,,Udupi Line,,,Kollur SO,TD,,
PIN,576221,,,,,,,Udupi Line,,,Kota SO,TD,,
PIN,576222,,,,,,,Udupi Line,,,Koteshwara SO,TD,,
PIN,576223,,,,,,,Udupi Line,,,Mandrathi SO,TD,,
PIN,576224,,,,,,,Udupi Line,,,Navunda SO,TD,,
PIN,576225,,,,,,,Udupi Line,,,SaligramaUdupi SO,TD,,
PIN,576226,,,,,,,Udupi Line,,,Sasthan SO,TD,,
PIN,576227,,,,,,,Udupi Line,,,Shankaranarayana SO,TD,,
PIN,576228,,,,,,,Udupi Line,,,Shiruru SO,TD,,
PIN,576229,,,,,,,Udupi Line,,,Siddapura SO,TD,,
PIN,576230,,,,,,,Udupi Line,,,Tallur SO,TD,,
PIN,576231,,,,,,,Udupi Line,,,Tekkatte SO,TD,,
PIN,576232,,,,,,,Udupi Line,,,Uppunda SO,TD,,
PIN,576233,,,,,,,Udupi Line,,,Vandse SO,TD,,
PIN,576234,,,,,,,Udupi Line,,,Kokkarne SO,TD,,
PIN,576235,,,,,,,Udupi Line,,,Trasi SO,TD,,
PIN,576247,,,,,,,Udupi Line,,,Gujjadi SO,TD,,
PIN,576257,,,,,,,Udupi Line,,,Kumbhashi SO,TD,,
PIN,576282,,,,,,,Udupi Line,,,Hosangadi SO,TD,,
PIN,576283,,,,,,,Udupi Line,,,Hattiangadi SO,TD,,
PIN,574101,,,,,,,Karkala Line,,3,Ajekar SO,TD,,
PIN,574102,,,,,,,Karkala Line,,5,Bailur SO,TD,,
PIN,574104,,,,,,,Karkala Line,,5,Karkala HO SO,TD,,
PIN,574107,,,,,,,Karkala Line,,5,Miyar SO,TD,,
PIN,574108,,,,,,,Karkala Line,,2,Muniyal SO,TD,,
PIN,574109,,,,,,,Karkala Line,,5,Naravi SO,TD,,
PIN,574110,,,,,,,Karkala Line,,5,Nitte SO,TD,,
PIN,574122,,,,,,,Karkala Line,,5,Bajegoli SO,TD,,
PIN,574129,,,,,,,Karkala Line,,7,Kanthavara SO,TD,,
PIN,574197,,,,,,,Karkala Line,,8,Kodangallu SO,TD,,
PIN,574198,,,,,,,Subramany Line,,6,Kokkada SO,TD,,
PIN,574201,,,,,,,Puttur Line,,12,Puttur HO SO,TD,,
PIN,574202,,,,,,,Puttur Line,,8,Darbe SO,TD,,
PIN,574203,,,,,,,Puttur Line,,,Nehrunagar SO,TD,,
PIN,574210,,,,,,,Puttur Line,,7,Aryapu SO,TD,,
PIN,574211,,,,,,,Charmadi Line,,11,Bantwal SO,TD,,
PIN,574212,,,,,,,Puttur Line,,5,Bellare SO,TD,,
PIN,574213,,,,,,,Karkala Line,,7,Belvai SO,TD,,
PIN,574214,,,,,,,Charmadi Line,,4,Belthangady SO,TD,,
PIN,574216,,,,,,,Charmadi Line,,1,Dharmasthala SO,TD,,
PIN,574217,,,,,,,Charmadi Line,,,Guruvanayakere SO,TD,,
PIN,574218,,,,,,,Puttur Line,,4,Guthigar SO,TD,,
PIN,574219,,,,,,,Charmadi Line,,12,Jodumarga SO,TD,,
PIN,574220,,,,,,,Puttur Line,,13,Kabaka SO,TD,,
PIN,574221,,,,,,,Subramany Line,,3,Kadaba SO,TD,,
PIN,574222,,,,,,,Subramany Line,,11,Kalladka SO,TD,,
PIN,574223,,,,,,,Puttur Line,,6,Kav SO,TD,,
PIN,574224,,,,,,,Charmadi Line,,6,Madanthyara SO,TD,,
PIN,574225,,,,,,,Karkala Line,,9,Mijar SO,TD,,
PIN,574226,,,,,,,Karkala Line,,8,Mithabailu SO,TD,,
PIN,574227,,,,,,,Karkala Line,,8,Moodbidri SO,TD,,
PIN,574228,,,,,,,Charmadi Line,,2,Mundaje SO,TD,,
PIN,574229,,,,,,,Subramany Line,,5,Nellyadi SO,TD,,
PIN,574230,,,,,,,Subramany Line,,2,Nettana SO,TD,,
PIN,574231,,,,,,,Subramany Line,,12,Panemangalore SO,TD,,
PIN,574232,,,,,,,Puttur Line,,10,Panja SO,TD,,
PIN,574233,,,,,,,Charmadi Line,,7,Punjalakatte SO,TD,,
PIN,574234,,,,,,,Puttur Line,,1,Sampaje SO,TD,,
PIN,574235,,,,,,,Puttur Line,,14,SathyaSaiVihar SO,TD,,
PIN,574236,,,,,,,Karkala Line,,8,Shirthady SO,TD,,
PIN,574237,,,,,,,Charmadi Line,,9,Siddakatte SO,TD,,
PIN,574238,,,,,,,Subramany Line,,1,Subramanya SO,TD,,
PIN,574239,,,,,,,Puttur Line,,4,Sullia SO,TD,,
PIN,574240,,,,,,,Charmadi Line,,3,Ujire SO,TD,,
PIN,574241,,,,,,,Subramany Line,,7,Uppinangady SO,TD,,
PIN,574242,,,,,,,Karkala Line,,8,Venur SO,TD,,
PIN,574243,,,,,,,Puttur Line,,14,Vittal SO,TD,,
PIN,574244,,,,,,,Karkala Line,,5,Palli SO,TD,,
PIN,574248,,,,,,,Puttur Line,,4,Doddathota SO,TD,,
PIN,574253,,,,,,,Subramany Line,,10,Mani SO,TD,,
PIN,574259,,,,,,,Puttur Line,,11,Panaje SO,TD,,
PIN,574260,,,,,,,Puttur Line,,14,Adyanadka SO,TD,,
PIN,574265,,,,,,,Charmadi Line,,8,Vogga SO,TD,,
PIN,574274,,,,,,,Karkala Line,,8,Kallamundkur SO,TD,,
PIN,574279,,,,,,,Puttur Line,,14,Kanyana SO,TD,,
PIN,574285,,,,,,,Subramany Line,,4,Alankar SO,TD,,
PIN,574313,,,,,,,Puttur Line,,6,Ishwaramangala SO,TD,,
PIN,574314,,,,,,,Puttur Line,,2,Aranthodu SO,TD,,
PIN,574323,,,,,,,Puttur Line,,15,Manchi SO,TD,,
PIN,574324,,,,,,,Charmadi Line,,10,Vamadapadavu SO,TD,,
PIN,574325,,,,,,,Subramany Line,,9,Nekkilady SO,TD,,
PIN,574326,,,,,,,Subramany Line,,8,Kalleri SO,TD,,
PIN,574327,,,,,,,Puttur Line,,3,Kurunjibag SO,TD,,
PIN,574328,,,,,,,Puttur Line,,9,Kaniyur(Puttur) SO,TD,,
PIN,576112,,,,,,,Karkala Line,,1,Hebri SO,TD,,
PIN,574114,,,,,,,Karkala Line,,6,Sanur SO,TD,,
PIN,576117,,,,,,,Karkala Line,,4,Kukkundur SO,TD,,
PIN,575001,,,,,,,IDC Mangalore Line,,,Mangalore HO,TD,,
PIN,575002,,,,,,,IDC Mangalore Line,,,Kankanady SO,TD,,
PIN,575003,,,,,,,Kotekar Line,,9,Kodialbail SO,TD,,
PIN,575004,,,,,,,Kotekar Line,,8,Bejai SO,TD,,
PIN,575005,,,,,,,Kulashekhara Line,,1,Kulashekar SO,TD,,
PIN,575006,,,,,,,Belman Line,,17,Ashok Nagar SO,TD,,
PIN,575007,,,,,,,Kulashekhara Line,,4,Padil SO,TD,,
PIN,575008,,,,,,,Kulashekhara Line,,5,Konchady SO,TD,,
PIN,575009,,,,,,,Bajal Line,,,Bajal SO,TD,,
PIN,575010,,,,,,,Belman Line,,15,Panambur SO,TD,,
PIN,575011,,,,,,,Belman Line,,14,Baikampady SO,TD,,
PIN,575013,,,,,,,Belman Line,,16,Kulur SO,TD,,
PIN,575014,,,,,,,Belman Line,,12,Surthkal SO,TD,,
PIN,575015,,,,,,,Kulashekhara Line,,6,Kavur SO,TD,,
PIN,575016,,,,,,,Kulashekhara Line,,2,Shakthinagar SO,TD,,
PIN,575017,,,,,,,Kotekar Line,,3,Permannur SO,TD,,
PIN,575018,,,,,,,Kotekar Line,,4,Deralakatte SO,TD,,
PIN,575019,,,,,,,Belman Line,,13,Kulai SO,TD,,
PIN,575020,,,,,,,Kotekar Line,,2,Ullal SO,TD,,
PIN,575022,,,,,,,Kotekar Line,,7,Kotekar SO,TD,,
PIN,575023,,,,,,,Kotekar Line,,1,SomeswaraUchila SO,TD,,
PIN,575025,,,,,,,Belman Line,,10,5 Srinivasa Nagar SO,TD,,
PIN,575028,,,,,,,Karkala Line,,15,Vamanjoor SO,TD,,
PIN,575029,,,,,,,Kulashekhara Line,,3,Pedamale SO,TD,,
PIN,575030,,,,,,,Belman Line,,11,Katipalla SO,TD,,
PIN,574141,,,,,,,Belman Line,,3,Aikala SO,TD,,
PIN,574142,,,,,,,Belman Line,,7,Bajpe SO,TD,,
PIN,574143,,,,,,,Charmadi Line,,13,Farangipete SO,TD,,
PIN,574144,,,,,,,Karkala Line,,11,Ganjimatt SO,TD,,
PIN,574145,,,,,,,Karkala Line,,14,Gurpur SO,TD,,
PIN,574146,,,,,,,Belman Line,,5,Haleangady SO,TD,,
PIN,574148,,,,,,,Belman Line,,9,Kateel SO,TD,,
PIN,574150,,,,,,,Belman Line,,6,Kinnigoli SO,TD,,
PIN,574151,,,,,,,Karkala Line,,13,Kinnikambala SO,TD,,
PIN,574153,,,,,,,Kotekar Line,,6,Kurnad SO,TD,,
PIN,574154,,,,,,,Belman Line,,4,Mulki SO,TD,,
PIN,574162,,,,,,,Karkala Line,,12,Kuppepadvu SO,TD,,
PIN,574199,,,,,,,Kotekar Line,,5,Mangalagangothri SO,TD,,
PIN,574267,,,,,,,Karkala Line,,10,Badagayedapadavu SO,TD,,
PIN,574509,,,,,,,Belman Line,,8,Permude SO,TD,,
PIN,576111,,,,,,,Belman Line,,1,Belmannu SO,TD,,
PIN,576121,,,,,,,Belman Line,,2,Mundkur SO,TD,,
PIN,574112,,,,,,,Udupi Line,,,Palimar SO,TD,,
Prefix,,,,560,,,,BANGALORE,Karnataka,,,Non-TD,,
Prefix,,,,561,,,,BANGALORE,Karnataka,,,Non-TD,,
Prefix,,,,562,,,,BANGALORE,Karnataka,,,Non-TD,,
Prefix,,,,563,,,,BANGALORE,Karnataka,,,Non-TD,,
Prefix,,,,515,,,,BANGALORE,Karnataka,,,Non-TD,,
Prefix,,,,570,,,,MYSORE,Karnataka,,,Non-TD,,
Prefix,,,,571,,,,MYSORE,Karnataka,,,Non-TD,,
Prefix,,,,573,,,,ARSIKERE,Karnataka,,,Non-TD,,
Prefix,,,,5771,,,,ARSIKERE,Karnataka,,,Non-TD,,
Prefix,,,,5772,,,,ARSIKERE,Karnataka,,,Non-TD,,
Prefix,,,,5773,,,,ARSIKERE,Karnataka,,,Non-TD,,
Prefix,,,,5774,,,,ARSIKERE,Karnataka,,,Non-TD,,
Prefix,,,,574,,,,MANGALORE,Karnataka,,,Non-TD,,
Prefix,,,,575,,,,MANGALORE,Karnataka,,,Non-TD,,
Prefix,,,,576,,,,MANGALORE,Karnataka,,,Non-TD,,
Prefix,,,,580,,,,HUBHALLI,Karnataka,,,Non-TD,,
Prefix,,,,581,,,,HUBHALLI,Karnataka,,,Non-TD,,
Prefix,,,,582,,,,HUBHALLI,Karnataka,,,Non-TD,,
Prefix,,,,5770,,,,DAVANGERE,Karnataka,,,Non-TD,,
Prefix,,,,5775,,,,DAVANGERE,Karnataka,,,Non-TD,,
Prefix,,,,5776,,,,DAVANGERE,Karnataka,,,Non-TD,,
Prefix,,,,584,,,,RAICHUR,Karnataka,,,Non-TD,,
Prefix,,,,585,,,,GULBARGA,Karnataka,,,Non-TD,,
Prefix,,,,583,,,,HOSPETE,Karnataka,,,Non-TD,,
Prefix,,,,590,,,,BELGAUM,Karnataka,,,Non-TD,,
Prefix,,,,591,,,,BELGAUM,Karnataka,,,Non-TD,,
Prefix,,,,586,,,,BAGALKOT,Karnataka,,,Non-TD,,
Prefix,,,,587,,,,BAGALKOT,Karnataka,,,Non-TD,,
Prefix,,,,572,,,,TUMUKUR,Karnataka,,,Non-TD,,
PIN,561202,,,,,,,TUMUKUR,Karnataka,,,Non-TD,,
Prefix,,,,500,,,,HYDERABAD,Andhra Pradesh,,,Non-TD,,
Prefix,,,,501,,,,HYDERABAD,Andhra Pradesh,,,Non-TD,,
Prefix,,,,502,,,,HYDERABAD,Andhra Pradesh,,,Non-TD,,
Prefix,,,,503,,,,HYDERABAD,Andhra Pradesh,,,Non-TD,,
Prefix,,,,504,,,,HYDERABAD,Andhra Pradesh,,,Non-TD,,
Prefix,,,,505,,,,HYDERABAD,Andhra Pradesh,,,Non-TD,,
Prefix,,,,506,,,,HYDERABAD,Andhra Pradesh,,,Non-TD,,
Prefix,,,,507,,,,HYDERABAD,Andhra Pradesh,,,Non-TD,,
Prefix,,,,508,,,,HYDERABAD,Andhra Pradesh,,,Non-TD,,
Prefix,,,,509,,,,HYDERABAD,Andhra Pradesh,,,Non-TD,,
Prefix,,,,518,,,,HYDERABAD,Andhra Pradesh,,,Non-TD,,
Prefix,,,,516,,,,TIRUPATHI,Andhra Pradesh,,,Non-TD,,
Prefix,,,,517,,,,TIRUPATHI,Andhra Pradesh,,,Non-TD,,
Prefix,,,,524,,,,TIRUPATHI,Andhra Pradesh,,,Non-TD,,
Prefix,,,,520,,,,VIJAYAWADA,Andhra Pradesh,,,Non-TD,,
Prefix,,,,521,,,,VIJAYAWADA,Andhra Pradesh,,,Non-TD,,
Prefix,,,,522,,,,VIJAYAWADA,Andhra Pradesh,,,Non-TD,,
Prefix,,,,523,,,,VIJAYAWADA,Andhra Pradesh,,,Non-TD,,
Prefix,,,,534,,,,VIJAYAWADA,Andhra Pradesh,,,Non-TD,,
Prefix,,,,530,,,,VISAKHAPATNAM,Andhra Pradesh,,,Non-TD,,
Prefix,,,,531,,,,VISAKHAPATNAM,Andhra Pradesh,,,Non-TD,,
Prefix,,,,532,,,,VISAKHAPATNAM,Andhra Pradesh,,,Non-TD,,
Prefix,,,,533,,,,VISAKHAPATNAM,Andhra Pradesh,,,Non-TD,,
Prefix,,,,535,,,,VISAKHAPATNAM,Andhra Pradesh,,,Non-TD,,
Prefix,,,,781,,,,GUWAHATI,Assam,,,Non-TD,,
Prefix,,,,782,,,,GUWAHATI,Assam,,,Non-TD,,
Prefix,,,,783,,,,GUWAHATI,Assam,,,Non-TD,,
Prefix,,,,784,,,,GUWAHATI,Assam,,,Non-TD,,
Prefix,,,,790,,,,GUWAHATI,Assam,,,Non-TD,,
Prefix,,,,794,,,,GUWAHATI,Assam,,,Non-TD,,
PIN,788819,,,,,,,GUWAHATI,Assam,,,Non-TD,,
PIN,788830,,,,,,,GUWAHATI,Assam,,,Non-TD,,
PIN,788831,,,,,,,GUWAHATI,Assam,,,Non-TD,,
PIN,788832,,,,,,,GUWAHATI,Assam,,,Non-TD,,
Prefix,,,,785,,,,DIBRUGARH,Assam,,,Non-TD,,
Prefix,,,,786,,,,DIBRUGARH,Assam,,,Non-TD,,
Prefix,,,,787,,,,DIBRUGARH,Assam,,,Non-TD,,
Prefix,,,,792,,,,DIBRUGARH,Assam,,,Non-TD,,
Prefix,,,,788,,,,SILCHAR,Assam,,,Non-TD,,
Prefix,,,,791,,,,ITANAGAR,North East,,,Non-TD,,
Prefix,,,,793,,,,SHILLONG,North East,,,Non-TD,,
Prefix,,,,795,,,,IMPHAL,North East,,,Non-TD,,
Prefix,,,,796,,,,AIZWAL,North East,,,Non-TD,,
Prefix,,,,799,,,,AGARTALA,North East,,,Non-TD,,
Prefix,,,,797,,,,DIMPUR,North East,,,Non-TD,,
Prefix,,,,798,,,,DIMPUR,North East,,,Non-TD,,
Prefix,,,,121,,,,GURGAON,Haryana,,,Non-TD,,
Prefix,,,,122,,,,GURGAON,Haryana,,,Non-TD,,
Prefix,,,,123,,,,GURGAON,Haryana,,,Non-TD,,
Prefix,,,,124,,,,ROHTAK,Haryana,,,Non-TD,,
Prefix,,,,125,,,,ROHTAK,Haryana,,,Non-TD,,
Prefix,,,,126,,,,ROHTAK,Haryana,,,Non-TD,,
Prefix,,,,127,,,,ROHTAK,Haryana,,,Non-TD,,
Prefix,,,,128,,,,ROHTAK,Haryana,,,Non-TD,,
Prefix,,,,129,,,,ROHTAK,Haryana,,,Non-TD,,
Prefix,,,,130,,,,ROHTAK,Haryana,,,Non-TD,,
Prefix,,,,131,,,,ROHTAK,Haryana,,,Non-TD,,
Prefix,,,,132,,,,AMBALA,Haryana,,,Non-TD,,
Prefix,,,,133,,,,AMBALA,Haryana,,,Non-TD,,
Prefix,,,,134,,,,AMBALA,Haryana,,,Non-TD,,
Prefix,,,,135,,,,AMBALA,Haryana,,,Non-TD,,
Prefix,,,,136,,,,AMBALA,Haryana,,,Non-TD,,
Prefix,,,,173,,,,AMBALA,Himachal Pradesh,,,Non-TD,,
Prefix,,,,174,,,,PATHANKOT,Himachal Pradesh,,verified: RMS HP Division (Pathankot),Non-TD,,
Prefix,,,,175,,,,PATHANKOT,Himachal Pradesh,,verified: RMS HP Division (Pathankot),Non-TD,,
Prefix,,,,1741,,,,AMBALA,Himachal Pradesh,,,Non-TD,,
Prefix,,,,171,,,,PARWANOO,Himachal Pradesh,,,Non-TD,,
Prefix,,,,172,,,,PARWANOO,Himachal Pradesh,,,Non-TD,,
Prefix,,,,176,,,,PATHANKOT,Himachal Pradesh,,,Non-TD,,
Prefix,,,,177,,,,PATHANKOT,Himachal Pradesh,,,Non-TD,,
Prefix,,,,1743,,,,PATHANKOT,Himachal Pradesh,,,Non-TD,,
Prefix,,,,1745,,,,PATHANKOT,Himachal Pradesh,,,Non-TD,,
Prefix,,,,600,,,,CHENNAI,Tamil Nadu,,,Non-TD,,
Prefix,,,,601,,,,CHENNAI,Tamil Nadu,,,Non-TD,,
Prefix,,,,602,,,,CHENNAI,Tamil Nadu,,,Non-TD,,
Prefix,,,,603,,,,CHENNAI,Tamil Nadu,,,Non-TD,,
Prefix,,,,604,,,,CHENNAI,Tamil Nadu,,,Non-TD,,
Prefix,,,,605,,,,CHENNAI,Tamil Nadu,,,Non-TD,,
Prefix,,,,606,,,,CHENNAI,Tamil Nadu,,,Non-TD,,
Prefix,,,,607,,,,CHENNAI,Tamil Nadu,,,Non-TD,,
Prefix,,,,608,,,,CHENNAI,Tamil Nadu,,,Non-TD,,
Prefix,,,,631,,,,CHENNAI,Tamil Nadu,,,Non-TD,,
Prefix,,,,632,,,,CHENNAI,Tamil Nadu,,,Non-TD,,
Prefix,,,,633,,,,CHENNAI,Tamil Nadu,,,Non-TD,,
Prefix,,,,634,,,,CHENNAI,Tamil Nadu,,,Non-TD,,
Prefix,,,,635,,,,CHENNAI,Tamil Nadu,,,Non-TD,,
Prefix,,,,6367,,,,CHENNAI,Tamil Nadu,,,Non-TD,,
Prefix,,,,6368,,,,CHENNAI,Tamil Nadu,,,Non-TD,,
Prefix,,,,6369,,,,CHENNAI,Tamil Nadu,,,Non-TD,,
Prefix,,,,636,,,,SALEM,Tamil Nadu,,,Non-TD,,
Prefix,,,,637,,,,SALEM,Tamil Nadu,,,Non-TD,,
Prefix,,,,638,,,,SALEM,Tamil Nadu,,,Non-TD,,
Prefix,,,,609,,,,TRICHY,Tamil Nadu,,,Non-TD,,
Prefix,,,,610,,,,TRICHY,Tamil Nadu,,,Non-TD,,
Prefix,,,,611,,,,TRICHY,Tamil Nadu,,,Non-TD,,
Prefix,,,,612,,,,TRICHY,Tamil Nadu,,,Non-TD,,
Prefix,,,,613,,,,TRICHY,Tamil Nadu,,,Non-TD,,
Prefix,,,,614,,,,TRICHY,Tamil Nadu,,,Non-TD,,
Prefix,,,,620,,,,TRICHY,Tamil Nadu,,,Non-TD,,
Prefix,,,,621,,,,TRICHY,Tamil Nadu,,,Non-TD,,
Prefix,,,,622,,,,TRICHY,Tamil Nadu,,,Non-TD,,
Prefix,,,,639,,,,TRICHY,Tamil Nadu,,,Non-TD,,
Prefix,,,,623,,,,MADURAI,Tamil Nadu,,,Non-TD,,
Prefix,,,,624,,,,MADURAI,Tamil Nadu,,,Non-TD,,
Prefix,,,,625,,,,MADURAI,Tamil Nadu,,,Non-TD,,
Prefix,,,,626,,,,MADURAI,Tamil Nadu,,,Non-TD,,
Prefix,,,,627,,,,MADURAI,Tamil Nadu,,,Non-TD,,
Prefix,,,,628,,,,MADURAI,Tamil Nadu,,,Non-TD,,
Prefix,,,,629,,,,MADURAI,Tamil Nadu,,,Non-TD,,
Prefix,,,,630,,,,MADURAI,Tamil Nadu,,,Non-TD,,
Prefix,,,,641,,,,COIMBATORE,Tamil Nadu,,,Non-TD,,
Prefix,,,,642,,,,COIMBATORE,Tamil Nadu,,,Non-TD,,
Prefix,,,,643,,,,COIMBATORE,Tamil Nadu,,,Non-TD,,
Prefix,,,,678,,,,COIMBATORE,Tamil Nadu,,,Non-TD,,
Prefix,,,,673,,,,KOZHIKODE,Kerala,,,Non-TD,,
Prefix,,,,674,,,,KOZHIKODE,Kerala,,,Non-TD,,
Prefix,,,,675,,,,KOZHIKODE,Kerala,,,Non-TD,,
Prefix,,,,676,,,,KOZHIKODE,Kerala,,,Non-TD,,
Prefix,,,,670,,,,KANNUR,Kerala,,,Non-TD,,
Prefix,,,,671,,,,KANNUR,Kerala,,,Non-TD,,
Prefix,,,,679,,,,THRISSUR,Kerala,,,Non-TD,,
Prefix,,,,680,,,,THRISSUR,Kerala,,,Non-TD,,
Prefix,,,,682,,,,KOCHI,Kerala,,,Non-TD,,
Prefix,,,,683,,,,KOCHI,Kerala,,,Non-TD,,
Prefix,,,,685,,,,KOCHI,Kerala,,,Non-TD,,
Prefix,,,,686,,,,KOCHI,Kerala,,,Non-TD,,
Prefix,,,,688,,,,KOCHI,Kerala,,,Non-TD,,
Prefix,,,,689,,,,THIRUVANANTHAPURAM,Kerala,,,Non-TD,,
Prefix,,,,690,,,,THIRUVANANTHAPURAM,Kerala,,,Non-TD,,
Prefix,,,,691,,,,THIRUVANANTHAPURAM,Kerala,,,Non-TD,,
Prefix,,,,692,,,,THIRUVANANTHAPURAM,Kerala,,,Non-TD,,
Prefix,,,,693,,,,THIRUVANANTHAPURAM,Kerala,,,Non-TD,,
Prefix,,,,694,,,,THIRUVANANTHAPURAM,Kerala,,,Non-TD,,
Prefix,,,,695,,,,THIRUVANANTHAPURAM,Kerala,,,Non-TD,,
Prefix,,,,700,,,,KOLKATA,West Bengal,,,Non-TD,,
Prefix,,,,711,,,,KOLKATA,West Bengal,,,Non-TD,,
Prefix,,,,712,,,,KOLKATA,West Bengal,,,Non-TD,,
Prefix,,,,713,,,,KOLKATA,West Bengal,,,Non-TD,,
Prefix,,,,721,,,,KOLKATA,West Bengal,,,Non-TD,,
Prefix,,,,722,,,,KOLKATA,West Bengal,,,Non-TD,,
Prefix,,,,723,,,,KOLKATA,West Bengal,,,Non-TD,,
Prefix,,,,731,,,,KOLKATA,West Bengal,,,Non-TD,,
Prefix,,,,732,,,,KOLKATA,West Bengal,,,Non-TD,,
Prefix,,,,733,,,,KOLKATA,West Bengal,,,Non-TD,,
Prefix,,,,741,,,,KOLKATA,West Bengal,,,Non-TD,,
Prefix,,,,742,,,,KOLKATA,West Bengal,,,Non-TD,,
Prefix,,,,743,,,,KOLKATA,West Bengal,,,Non-TD,,
Prefix,,,,7331,,,,KOLKATA,West Bengal,,,Non-TD,,
Prefix,,,,734,,,,SILIGURI,West Bengal,,,Non-TD,,
Prefix,,,,735,,,,SILIGURI,West Bengal,,,Non-TD,,
Prefix,,,,736,,,,SILIGURI,West Bengal,,,Non-TD,,
Prefix,,,,737,,,,SILIGURI,West Bengal,,,Non-TD,,
Prefix,,,,7332,,,,SILIGURI,West Bengal,,,Non-TD,,
Prefix,,,,7333,,,,SILIGURI,West Bengal,,,Non-TD,,
Prefix,,,,7334,,,,SILIGURI,West Bengal,,,Non-TD,,
Prefix,,,,7335,,,,SILIGURI,West Bengal,,,Non-TD,,
Prefix,,,,7336,,,,SILIGURI,West Bengal,,,Non-TD,,
Prefix,,,,7337,,,,SILIGURI,West Bengal,,,Non-TD,,
Prefix,,,,7338,,,,SILIGURI,West Bengal,,,Non-TD,,
Prefix,,,,7339,,,,SILIGURI,West Bengal,,,Non-TD,,
Prefix,,,,744,,,,PORT BLAIR,West Bengal,,,Non-TD,,
Prefix,,,,751,,,,BHUBANESWAR,Orissa,,,Non-TD,,
Prefix,,,,752,,,,BHUBANESWAR,Orissa,,,Non-TD,,
Prefix,,,,753,,,,BHUBANESWAR,Orissa,,,Non-TD,,
Prefix,,,,754,,,,BHUBANESWAR,Orissa,,,Non-TD,,
Prefix,,,,755,,,,BHUBANESWAR,Orissa,,,Non-TD,,
Prefix,,,,756,,,,BHUBANESWAR,Orissa,,,Non-TD,,
Prefix,,,,757,,,,BHUBANESWAR,Orissa,,,Non-TD,,
Prefix,,,,758,,,,BHUBANESWAR,Orissa,,,Non-TD,,
Prefix,,,,759,,,,BHUBANESWAR,Orissa,,,Non-TD,,
Prefix,,,,760,,,,BERHAMPUR,Orissa,,,Non-TD,,
Prefix,,,,761,,,,BERHAMPUR,Orissa,,,Non-TD,,
Prefix,,,,762,,,,BERHAMPUR,Orissa,,,Non-TD,,
Prefix,,,,763,,,,BERHAMPUR,Orissa,,,Non-TD,,
Prefix,,,,764,,,,BERHAMPUR,Orissa,,,Non-TD,,
Prefix,,,,765,,,,BERHAMPUR,Orissa,,,Non-TD,,
Prefix,,,,766,,,,BERHAMPUR,Orissa,,,Non-TD,,
Prefix,,,,767,,,,BERHAMPUR,Orissa,,,Non-TD,,
Prefix,,,,768,,,,SAMBALPUR,Orissa,,,Non-TD,,
Prefix,,,,769,,,,SAMBALPUR,Orissa,,,Non-TD,,
Prefix,,,,770,,,,SAMBALPUR,Orissa,,,Non-TD,,
Prefix,,,,800,,,,PATNA,Bihar,,,Non-TD,,
Prefix,,,,801,,,,PATNA,Bihar,,,Non-TD,,
Prefix,,,,802,,,,PATNA,Bihar,,,Non-TD,,
Prefix,,,,803,,,,PATNA,Bihar,,,Non-TD,,
Prefix,,,,804,,,,PATNA,Bihar,,,Non-TD,,
Prefix,,,,805,,,,PATNA,Bihar,,,Non-TD,,
Prefix,,,,806,,,,PATNA,Bihar,,,Non-TD,,
Prefix,,,,807,,,,PATNA,Bihar,,,Non-TD,,
Prefix,,,,808,,,,PATNA,Bihar,,,Non-TD,,
Prefix,,,,809,,,,PATNA,Bihar,,,Non-TD,,
Prefix,,,,810,,,,PATNA,Bihar,,,Non-TD,,
Prefix,,,,811,,,,PATNA,Bihar,,,Non-TD,,
Prefix,,,,812,,,,PATNA,Bihar,,,Non-TD,,
Prefix,,,,813,,,,PATNA,Bihar,,,Non-TD,,
Prefix,,,,821,,,,PATNA,Bihar,,,Non-TD,,
Prefix,,,,823,,,,PATNA,Bihar,,,Non-TD,,
Prefix,,,,824,,,,PATNA,Bihar,,,Non-TD,,
Prefix,,,,841,,,,MUZAFFARPUR,Bihar,,,Non-TD,,
Prefix,,,,842,,,,MUZAFFARPUR,Bihar,,,Non-TD,,
Prefix,,,,843,,,,MUZAFFARPUR,Bihar,,,Non-TD,,
Prefix,,,,844,,,,MUZAFFARPUR,Bihar,,,Non-TD,,
Prefix,,,,845,,,,MUZAFFARPUR,Bihar,,,Non-TD,,
Prefix,,,,846,,,,MUZAFFARPUR,Bihar,,,Non-TD,,
Prefix,,,,847,,,,MUZAFFARPUR,Bihar,,,Non-TD,,
Prefix,,,,848,,,,MUZAFFARPUR,Bihar,,,Non-TD,,
Prefix,,,,851,,,,PATNA,Bihar,,,Non-TD,,
Prefix,,,,852,,,,PATNA,Bihar,,,Non-TD,,
Prefix,,,,853,,,,PATNA,Bihar,,,Non-TD,,
Prefix,,,,822,,,,RANCHI,Jharkhand,,,Non-TD,,
Prefix,,,,826,,,,RANCHI,Jharkhand,,,Non-TD,,
Prefix,,,,827,,,,RANCHI,Jharkhand,,,Non-TD,,
Prefix,,,,828,,,,RANCHI,Jharkhand,,,Non-TD,,
Prefix,,,,829,,,,RANCHI,Jharkhand,,,Non-TD,,
Prefix,,,,834,,,,RANCHI,Jharkhand,,,Non-TD,,
Prefix,,,,835,,,,RANCHI,Jharkhand,,,Non-TD,,
PIN,813208,,,,,,,RANCHI,Jharkhand,,,Non-TD,,
Prefix,,,,8254,,,,RANCHI,Jharkhand,,,Non-TD,,
Prefix,,,,814,,,,DEOGARH,Jharkhand,,,Non-TD,,
Prefix,,,,815,,,,DEOGARH,Jharkhand,,,Non-TD,,
Prefix,,,,816,,,,DEOGARH,Jharkhand,,,Non-TD,,
Prefix,,,,831,,,,JAMSHEDPUR,Jharkhand,,,Non-TD,,
Prefix,,,,832,,,,JAMSHEDPUR,Jharkhand,,,Non-TD,,
Prefix,,,,833,,,,JAMSHEDPUR,Jharkhand,,,Non-TD,,
Prefix,,,,201,,,,GHAZIABAD,Uttar Pradesh,,,Non-TD,,
Prefix,,,,203,,,,GHAZIABAD,Uttar Pradesh,,,Non-TD,,
Prefix,,,,245,,,,GHAZIABAD,Uttar Pradesh,,,Non-TD,,
Prefix,,,,246,,,,GHAZIABAD,Uttar Pradesh,,,Non-TD,,
Prefix,,,,247,,,,GHAZIABAD,Uttar Pradesh,,,Non-TD,,
Prefix,,,,250,,,,GHAZIABAD,Uttar Pradesh,,,Non-TD,,
Prefix,,,,251,,,,GHAZIABAD,Uttar Pradesh,,,Non-TD,,
Prefix,,,,202,,,,AGRA,Uttar Pradesh,,,Non-TD,,
Prefix,,,,204,,,,AGRA,Uttar Pradesh,,,Non-TD,,
Prefix,,,,205,,,,AGRA,Uttar Pradesh,,,Non-TD,,
Prefix,,,,206,,,,AGRA,Uttar Pradesh,,,Non-TD,,
Prefix,,,,207,,,,AGRA,Uttar Pradesh,,,Non-TD,,
Prefix,,,,281,,,,AGRA,Uttar Pradesh,,,Non-TD,,
Prefix,,,,282,,,,AGRA,Uttar Pradesh,,,Non-TD,,
Prefix,,,,283,,,,AGRA,Uttar Pradesh,,,Non-TD,,
Prefix,,,,284,,,,AGRA,Uttar Pradesh,,,Non-TD,,
Prefix,,,,285,,,,AGRA,Uttar Pradesh,,,Non-TD,,
Prefix,,,,208,,,,KANPUR,Uttar Pradesh,,,Non-TD,,
Prefix,,,,209,,,,KANPUR,Uttar Pradesh,,,Non-TD,,
Prefix,,,,210,,,,KANPUR,Uttar Pradesh,,,Non-TD,,
Prefix,,,,2126,,,,KANPUR,Uttar Pradesh,,,Non-TD,,
Prefix,,,,211,,,,PRAYAGRAJ,Uttar Pradesh,,,Non-TD,,
Prefix,,,,212,,,,PRAYAGRAJ,Uttar Pradesh,,,Non-TD,,
Prefix,,,,221,,,,PRAYAGRAJ,Uttar Pradesh,,,Non-TD,,
Prefix,,,,222,,,,PRAYAGRAJ,Uttar Pradesh,,,Non-TD,,
Prefix,,,,223,,,,PRAYAGRAJ,Uttar Pradesh,,,Non-TD,,
Prefix,,,,230,,,,PRAYAGRAJ,Uttar Pradesh,,,Non-TD,,
Prefix,,,,231,,,,PRAYAGRAJ,Uttar Pradesh,,,Non-TD,,
Prefix,,,,232,,,,PRAYAGRAJ,Uttar Pradesh,,,Non-TD,,
Prefix,,,,233,,,,PRAYAGRAJ,Uttar Pradesh,,,Non-TD,,
PIN,229408,,,,,,,PRAYAGRAJ,Uttar Pradesh,,,Non-TD,,
PIN,229409,,,,,,,PRAYAGRAJ,Uttar Pradesh,,,Non-TD,,
PIN,229410,,,,,,,PRAYAGRAJ,Uttar Pradesh,,,Non-TD,,
PIN,229411,,,,,,,PRAYAGRAJ,Uttar Pradesh,,,Non-TD,,
PIN,229412,,,,,,,PRAYAGRAJ,Uttar Pradesh,,,Non-TD,,
PIN,229413,,,,,,,PRAYAGRAJ,Uttar Pradesh,,,Non-TD,,
Prefix,,,,241,,,,BAREILLY,Uttar Pradesh,,,Non-TD,,
Prefix,,,,242,,,,BAREILLY,Uttar Pradesh,,,Non-TD,,
Prefix,,,,243,,,,BAREILLY,Uttar Pradesh,,,Non-TD,,
Prefix,,,,244,,,,BAREILLY,Uttar Pradesh,,,Non-TD,,
Prefix,,,,224,,,,LUCKNOW,Uttar Pradesh,,,Non-TD,,
Prefix,,,,225,,,,LUCKNOW,Uttar Pradesh,,,Non-TD,,
Prefix,,,,226,,,,LUCKNOW,Uttar Pradesh,,,Non-TD,,
Prefix,,,,227,,,,LUCKNOW,Uttar Pradesh,,,Non-TD,,
Prefix,,,,228,,,,LUCKNOW,Uttar Pradesh,,,Non-TD,,
Prefix,,,,229,,,,LUCKNOW,Uttar Pradesh,,,Non-TD,,
Prefix,,,,261,,,,LUCKNOW,Uttar Pradesh,,,Non-TD,,
Prefix,,,,2627,,,,LUCKNOW,Uttar Pradesh,,,Non-TD,,
Prefix,,,,2628,,,,LUCKNOW,Uttar Pradesh,,,Non-TD,,
Prefix,,,,2629,,,,LUCKNOW,Uttar Pradesh,,,Non-TD,,
Prefix,,,,271,,,,GORAKHPUR,Uttar Pradesh,,,Non-TD,,
Prefix,,,,272,,,,GORAKHPUR,Uttar Pradesh,,,Non-TD,,
Prefix,,,,273,,,,GORAKHPUR,Uttar Pradesh,,,Non-TD,,
Prefix,,,,274,,,,GORAKHPUR,Uttar Pradesh,,,Non-TD,,
Prefix,,,,275,,,,PRAYAGRAJ,Uttar Pradesh,,,Non-TD,,
Prefix,,,,276,,,,PRAYAGRAJ,Uttar Pradesh,,,Non-TD,,
Prefix,,,,277,,,,PRAYAGRAJ,Uttar Pradesh,,,Non-TD,,
Prefix,,,,248,,,,DEHRADUN,Uttarakhand,,,Non-TD,,
Prefix,,,,249,,,,DEHRADUN,Uttarakhand,,,Non-TD,,
Prefix,,,,2476,,,,DEHRADUN,Uttarakhand,,,Non-TD,,
Prefix,,,,262,,,,RUDRAPUR,Uttarakhand,,,Non-TD,,
Prefix,,,,263,,,,RUDRAPUR,Uttarakhand,,,Non-TD,,
PIN,244712,,,,,,,RUDRAPUR,Uttarakhand,,,Non-TD,,
PIN,244713,,,,,,,RUDRAPUR,Uttarakhand,,,Non-TD,,
PIN,244715,,,,,,,RUDRAPUR,Uttarakhand,,,Non-TD,,
PIN,244717,,,,,,,RUDRAPUR,Uttarakhand,,,Non-TD,,
Prefix,,,,450,,,,INDORE,Madhya Pradesh,,,Non-TD,,
Prefix,,,,451,,,,INDORE,Madhya Pradesh,,,Non-TD,,
Prefix,,,,452,,,,INDORE,Madhya Pradesh,,,Non-TD,,
Prefix,,,,453,,,,INDORE,Madhya Pradesh,,,Non-TD,,
Prefix,,,,454,,,,INDORE,Madhya Pradesh,,,Non-TD,,
Prefix,,,,455,,,,INDORE,Madhya Pradesh,,,Non-TD,,
Prefix,,,,456,,,,INDORE,Madhya Pradesh,,,Non-TD,,
Prefix,,,,457,,,,INDORE,Madhya Pradesh,,,Non-TD,,
Prefix,,,,458,,,,INDORE,Madhya Pradesh,,,Non-TD,,
Prefix,,,,460,,,,BHOPAL,Madhya Pradesh,,,Non-TD,,
Prefix,,,,461,,,,BHOPAL,Madhya Pradesh,,,Non-TD,,
Prefix,,,,462,,,,BHOPAL,Madhya Pradesh,,,Non-TD,,
Prefix,,,,463,,,,BHOPAL,Madhya Pradesh,,,Non-TD,,
Prefix,,,,464,,,,BHOPAL,Madhya Pradesh,,,Non-TD,,
Prefix,,,,465,,,,BHOPAL,Madhya Pradesh,,,Non-TD,,
Prefix,,,,466,,,,BHOPAL,Madhya Pradesh,,,Non-TD,,
PIN,480344,,,,,,,BHOPAL,Madhya Pradesh,,,Non-TD,,
PIN,480338,,,,,,,BHOPAL,Madhya Pradesh,,,Non-TD,,
PIN,470113,,,,,,,GWALIOR,Madhya Pradesh,,,Non-TD,,
PIN,470124,,,,,,,GWALIOR,Madhya Pradesh,,,Non-TD,,
Prefix,,,,480,,,,JABALPUR,Madhya Pradesh,,,Non-TD,,
Prefix,,,,481,,,,JABALPUR,Madhya Pradesh,,,Non-TD,,
Prefix,,,,482,,,,JABALPUR,Madhya Pradesh,,,Non-TD,,
Prefix,,,,483,,,,JABALPUR,Madhya Pradesh,,,Non-TD,,
Prefix,,,,484,,,,JABALPUR,Madhya Pradesh,,,Non-TD,,
Prefix,,,,485,,,,JABALPUR,Madhya Pradesh,,,Non-TD,,
Prefix,,,,486,,,,JABALPUR,Madhya Pradesh,,,Non-TD,,
Prefix,,,,487,,,,JABALPUR,Madhya Pradesh,,,Non-TD,,
Prefix,,,,488,,,,JABALPUR,Madhya Pradesh,,,Non-TD,,
Prefix,,,,490,,,,RAIPUR,Madhya Pradesh,,,Non-TD,,
Prefix,,,,491,,,,RAIPUR,Madhya Pradesh,,,Non-TD,,
Prefix,,,,492,,,,RAIPUR,Madhya Pradesh,,,Non-TD,,
Prefix,,,,493,,,,RAIPUR,Madhya Pradesh,,,Non-TD,,
Prefix,,,,494,,,,RAIPUR,Madhya Pradesh,,,Non-TD,,
Prefix,,,,495,,,,RAIPUR,Madhya Pradesh,,,Non-TD,,
Prefix,,,,496,,,,RAIPUR,Madhya Pradesh,,,Non-TD,,
Prefix,,,,497,,,,RAIPUR,Madhya Pradesh,,,Non-TD,,
Prefix,,,,470,,,,GWALIOR,Madhya Pradesh,,,Non-TD,,
Prefix,,,,471,,,,GWALIOR,Madhya Pradesh,,,Non-TD,,
Prefix,,,,472,,,,GWALIOR,Madhya Pradesh,,,Non-TD,,
Prefix,,,,473,,,,GWALIOR,Madhya Pradesh,,,Non-TD,,
Prefix,,,,474,,,,GWALIOR,Madhya Pradesh,,,Non-TD,,
Prefix,,,,475,,,,GWALIOR,Madhya Pradesh,,,Non-TD,,
Prefix,,,,476,,,,GWALIOR,Madhya Pradesh,,,Non-TD,,
Prefix,,,,477,,,,GWALIOR,Madhya Pradesh,,,Non-TD,,
Prefix,,,,141,,,,LUDHIANA,Punjab,,,Non-TD,,
Prefix,,,,142,,,,LUDHIANA,Punjab,,,Non-TD,,
Prefix,,,,151,,,,LUDHIANA,Punjab,,,Non-TD,,
Prefix,,,,152,,,,LUDHIANA,Punjab,,,Non-TD,,
Prefix,,,,143,,,,JALANDHAR CITY,Punjab,,,Non-TD,,
Prefix,,,,144,,,,JALANDHAR CITY,Punjab,,,Non-TD,,
Prefix,,,,145,,,,JALANDHAR CITY,Punjab,,,Non-TD,,
Prefix,,,,146,,,,JALANDHAR CITY,Punjab,,,Non-TD,,
Prefix,,,,140,,,,CHANDIGARH,Punjab,,,Non-TD,,
Prefix,,,,147,,,,CHANDIGARH,Punjab,,,Non-TD,,
Prefix,,,,160,,,,CHANDIGARH,Punjab,,,Non-TD,,
PIN,144533,,,,,,,CHANDIGARH,Punjab,,,Non-TD,,
Prefix,,,,180,,,,JAMMU,Jammu & Kashmir,,,Non-TD,,
Prefix,,,,181,,,,JAMMU,Jammu & Kashmir,,,Non-TD,,
Prefix,,,,182,,,,JAMMU,Jammu & Kashmir,,,Non-TD,,
Prefix,,,,183,,,,JAMMU,Jammu & Kashmir,,,Non-TD,,
Prefix,,,,184,,,,JAMMU,Jammu & Kashmir,,,Non-TD,,
Prefix,,,,185,,,,JAMMU,Jammu & Kashmir,,,Non-TD,,
Prefix,,,,190,,,,SRINAGAR,Jammu & Kashmir,,,Non-TD,,
Prefix,,,,191,,,,SRINAGAR,Jammu & Kashmir,,,Non-TD,,
Prefix,,,,192,,,,SRINAGAR,Jammu & Kashmir,,,Non-TD,,
Prefix,,,,193,,,,SRINAGAR,Jammu & Kashmir,,,Non-TD,,
Prefix,,,,194,,,,LEH,Jammu & Kashmir,,,Non-TD,,
Prefix,,,,301,,,,JAIPUR,Rajasthan,,,Non-TD,,
Prefix,,,,302,,,,JAIPUR,Rajasthan,,,Non-TD,,
Prefix,,,,303,,,,JAIPUR,Rajasthan,,,Non-TD,,
Prefix,,,,304,,,,JAIPUR,Rajasthan,,,Non-TD,,
Prefix,,,,313,,,,JAIPUR,Rajasthan,,,Non-TD,,
Prefix,,,,314,,,,JAIPUR,Rajasthan,,,Non-TD,,
Prefix,,,,321,,,,JAIPUR,Rajasthan,,,Non-TD,,
Prefix,,,,322,,,,JAIPUR,Rajasthan,,,Non-TD,,
Prefix,,,,323,,,,JAIPUR,Rajasthan,,,Non-TD,,
Prefix,,,,324,,,,JAIPUR,Rajasthan,,,Non-TD,,
Prefix,,,,325,,,,JAIPUR,Rajasthan,,,Non-TD,,
Prefix,,,,326,,,,JAIPUR,Rajasthan,,,Non-TD,,
Prefix,,,,331,,,,JAIPUR,Rajasthan,,,Non-TD,,
Prefix,,,,332,,,,JAIPUR,Rajasthan,,,Non-TD,,
Prefix,,,,333,,,,JAIPUR,Rajasthan,,,Non-TD,,
Prefix,,,,335,,,,JAIPUR,Rajasthan,,,Non-TD,,
Prefix,,,,305,,,,AJMER,Rajasthan,,,Non-TD,,
Prefix,,,,306,,,,AJMER,Rajasthan,,,Non-TD,,
Prefix,,,,307,,,,AJMER,Rajasthan,,,Non-TD,,
Prefix,,,,311,,,,AJMER,Rajasthan,,,Non-TD,,
Prefix,,,,312,,,,AJMER,Rajasthan,,,Non-TD,,
Prefix,,,,343,,,,AJMER,Rajasthan,,,Non-TD,,
Prefix,,,,334,,,,JODHPUR,Rajasthan,,,Non-TD,,
Prefix,,,,341,,,,JODHPUR,Rajasthan,,,Non-TD,,
Prefix,,,,342,,,,JODHPUR,Rajasthan,,,Non-TD,,
Prefix,,,,344,,,,JODHPUR,Rajasthan,,,Non-TD,,
Prefix,,,,345,,,,JODHPUR,Rajasthan,,,Non-TD,,
Prefix,,,,3429,,,,JODHPUR,Rajasthan,,,Non-TD,,
PIN,305026,,,,,,,JODHPUR,Rajasthan,,,Non-TD,,
PIN,331801,,,,,,,JODHPUR,Rajasthan,,,Non-TD,,
PIN,331803,,,,,,,JODHPUR,Rajasthan,,,Non-TD,,
PIN,331811,,,,,,,JODHPUR,Rajasthan,,,Non-TD,,
Prefix,,,,370,,,,AHMEDABAD,Gujarat,,,Non-TD,,
Prefix,,,,380,,,,AHMEDABAD,Gujarat,,,Non-TD,,
Prefix,,,,382,,,,AHMEDABAD,Gujarat,,,Non-TD,,
Prefix,,,,383,,,,AHMEDABAD,Gujarat,,,Non-TD,,
Prefix,,,,384,,,,AHMEDABAD,Gujarat,,,Non-TD,,
Prefix,,,,385,,,,AHMEDABAD,Gujarat,,,Non-TD,,
Prefix,,,,387,,,,VADODARA,Gujarat,,,Non-TD,,
Prefix,,,,388,,,,VADODARA,Gujarat,,,Non-TD,,
Prefix,,,,389,,,,VADODARA,Gujarat,,,Non-TD,,
Prefix,,,,390,,,,VADODARA,Gujarat,,,Non-TD,,
Prefix,,,,391,,,,VADODARA,Gujarat,,,Non-TD,,
Prefix,,,,3911,,,,VADODARA,Gujarat,,,Non-TD,,
Prefix,,,,3912,,,,VADODARA,Gujarat,,,Non-TD,,
Prefix,,,,3913,,,,VADODARA,Gujarat,,,Non-TD,,
Prefix,,,,3914,,,,VADODARA,Gujarat,,,Non-TD,,
Prefix,,,,3915,,,,VADODARA,Gujarat,,,Non-TD,,
Prefix,,,,3916,,,,VADODARA,Gujarat,,,Non-TD,,
Prefix,,,,3917,,,,VADODARA,Gujarat,,,Non-TD,,
Prefix,,,,3923,,,,VADODARA,Gujarat,,,Non-TD,,
Prefix,,,,393,,,,SURAT,Gujarat,,,Non-TD,,
Prefix,,,,394,,,,SURAT,Gujarat,,,Non-TD,,
Prefix,,,,395,,,,SURAT,Gujarat,,,Non-TD,,
Prefix,,,,396,,,,SURAT,Gujarat,,,Non-TD,,
Prefix,,,,3918,,,,SURAT,Gujarat,,,Non-TD,,
Prefix,,,,3919,,,,SURAT,Gujarat,,,Non-TD,,
Prefix,,,,3920,,,,SURAT,Gujarat,,,Non-TD,,
Prefix,,,,3921,,,,SURAT,Gujarat,,,Non-TD,,
Prefix,,,,3922,,,,SURAT,Gujarat,,,Non-TD,,
Prefix,,,,360,,,,RAJKOT,Gujarat,,,Non-TD,,
Prefix,,,,361,,,,RAJKOT,Gujarat,,,Non-TD,,
Prefix,,,,362,,,,RAJKOT,Gujarat,,,Non-TD,,
Prefix,,,,363,,,,RAJKOT,Gujarat,,,Non-TD,,
Prefix,,,,364,,,,RAJKOT,Gujarat,,,Non-TD,,
Prefix,,,,365,,,,RAJKOT,Gujarat,,,Non-TD,,
Prefix,,,,3827,,,,RAJKOT,Gujarat,,,Non-TD,,
Prefix,,,,400,,,,MUMBAI,Maharashtra,,,Non-TD,,
Prefix,,,,401,,,,MUMBAI,Maharashtra,,,Non-TD,,
Prefix,,,,4101,,,,MUMBAI,Maharashtra,,,Non-TD,,
Prefix,,,,4102,,,,MUMBAI,Maharashtra,,,Non-TD,,
Prefix,,,,415,,,,MUMBAI,Maharashtra,,,Non-TD,,
Prefix,,,,416,,,,MUMBAI,Maharashtra,,,Non-TD,,
Prefix,,,,421,,,,MUMBAI,Maharashtra,,,Non-TD,,
Prefix,,,,422,,,,MUMBAI,Maharashtra,,,Non-TD,,
Prefix,,,,423,,,,MUMBAI,Maharashtra,,,Non-TD,,
Prefix,,,,424,,,,MUMBAI,Maharashtra,,,Non-TD,,
Prefix,,,,425,,,,MUMBAI,Maharashtra,,,Non-TD,,
Prefix,,,,4156,,,,MUMBAI,Maharashtra,,,Non-TD,,
Prefix,,,,4157,,,,MUMBAI,Maharashtra,,,Non-TD,,
Prefix,,,,4158,,,,MUMBAI,Maharashtra,,,Non-TD,,
Prefix,,,,4165,,,,MUMBAI,Maharashtra,,,Non-TD,,
Prefix,,,,4167,,,,MUMBAI,Maharashtra,,,Non-TD,,
Prefix,,,,403,,,,MARGAON,Maharashtra,,,Non-TD,,
Prefix,,,,4166,,,,MARGAON,Maharashtra,,,Non-TD,,
Prefix,,,,4168,,,,MARGAON,Maharashtra,,,Non-TD,,
Prefix,,,,4169,,,,MARGAON,Maharashtra,,,Non-TD,,
Prefix,,,,410,,,,PUNE,Maharashtra,,,Non-TD,,
Prefix,,,,411,,,,PUNE,Maharashtra,,,Non-TD,,
Prefix,,,,412,,,,PUNE,Maharashtra,,,Non-TD,,
Prefix,,,,413,,,,PUNE,Maharashtra,,,Non-TD,,
Prefix,,,,414,,,,PUNE,Maharashtra,,,Non-TD,,
Prefix,,,,4231,,,,PUNE,Maharashtra,,,Non-TD,,
Prefix,,,,431,,,,CHHINDWARA,Maharashtra,,,Non-TD,,
Prefix,,,,4237,,,,CHHINDWARA,Maharashtra,,,Non-TD,,
Prefix,,,,4238,,,,CHHINDWARA,Maharashtra,,,Non-TD,,
Prefix,,,,4239,,,,CHHINDWARA,Maharashtra,,,Non-TD,,
PIN,413207,,,,,,,CHHINDWARA,Maharashtra,,,Non-TD,,
PIN,413229,,,,,,,CHHINDWARA,Maharashtra,,,Non-TD,,
PIN,413249,,,,,,,CHHINDWARA,Maharashtra,,,Non-TD,,
PIN,414202,,,,,,,CHHINDWARA,Maharashtra,,,Non-TD,,
PIN,414203,,,,,,,CHHINDWARA,Maharashtra,,,Non-TD,,
PIN,414204,,,,,,,CHHINDWARA,Maharashtra,,,Non-TD,,
PIN,414205,,,,,,,CHHINDWARA,Maharashtra,,,Non-TD,,
PIN,414208,,,,,,,CHHINDWARA,Maharashtra,,,Non-TD,,
Prefix,,,,440,,,,NAGPUR,Maharashtra,,,Non-TD,,
Prefix,,,,441,,,,NAGPUR,Maharashtra,,,Non-TD,,
Prefix,,,,442,,,,NAGPUR,Maharashtra,,,Non-TD,,
Prefix,,,,443,,,,NAGPUR,Maharashtra,,,Non-TD,,
Prefix,,,,444,,,,NAGPUR,Maharashtra,,,Non-TD,,
Prefix,,,,445,,,,NAGPUR,Maharashtra,,,Non-TD,,
Prefix,,,,110,,,,DELHI,Delhi,,,Non-TD,,
Prefix,,,,148,,,,LUDHIANA,Punjab,,guess – please verify,Non-TD,,
Prefix,,,,327,,,,AJMER,Rajasthan,,guess – please verify,Non-TD,,
Prefix,,,,328,,,,AGRA,Uttar Pradesh,,guess – please verify,Non-TD,,
Prefix,,,,402,,,,MUMBAI,Maharashtra,,guess – please verify,Non-TD,,
Prefix,,,,8251,,,,RANCHI,Jharkhand,,guess – please verify,Non-TD,,
Prefix,,,,8253,,,,RANCHI,Jharkhand,,guess – please verify,Non-TD,,
Prefix,,,,854,,,,MUZAFFARPUR,Bihar,,guess – please verify,Non-TD,,
Prefix,,,,855,,,,MUZAFFARPUR,Bihar,,guess – please verify,Non-TD,,
Prefix,,,,9,,,,ARMY POST (APS),56 APO New Delhi / 99 APO Kolkata,,Army Postal Service – check address: C/o 56 APO → 1 CBPO New Delhi; C/o 99 APO → 2 CBPO Kolkata,Non-TD,,
