Hub,Kind,Circle,Series,Mapped To,Exclude
TIRUPATHI NSH,NSH,Andhra Pradesh,"515-518, 524",,
VISAKHAPATNAM NSH,NSH,Andhra Pradesh,"530-533, 535",,
VIJAYAWADA NSH,NSH,Andhra Pradesh,"520-523, 534",,
NAGPUR NSH,NSH,Maharashtra,440-445,,
NASHIK NSH,NSH,Maharashtra,"422-423, 431, 4237-4239, 413207, 413229, 413249, 414202-414205, 414208, 424109",,
PUNE NSH,NSH,Maharashtra,"410-416, 4103-4105, 4151-4152, 4160-4164, 4165, 4226, 4231, 416501-416509, 416526-416527, 416551, 416101-416145, 415102-415124, 415205-415207, 422607, 422623-422699",,
THANE NSH,NSH,Maharashtra,"402, 421, 4006-4007, 4101-4102, 415213",,
MUMBAI NSH,NSH,Maharashtra,"400-403, 423-425, 4152, 4153-4159, 4166, 4168-4169, 415201-415212, 415214-415299, 416510-416525, 416528-416550, 416703",,
CHENNAI NSH,NSH,Tamil Nadu,"600-614, 620-622, 631, 632, 635, 639",,
COIMBATORE NSH,NSH,Tamil Nadu,"636-638, 641-643, 635201-635202, 635205, 635301-635303, 635305, 678, 679",,
MADURAI NSH,NSH,Tamil Nadu,623-630,,
AMBALA NSH,NSH,Haryana,"132-136, 173, 175, 1740-1742, 1766, 1772, 174301-174303, 174306-174308, 174310-174321, 174503, 174507, 176090, 177031, 177039, 177109-177110",,
GURGAON NSH,NSH,Haryana,121-123,,
ROHTAK NSH,NSH,Haryana,124-131,,
SHIMLA NSH,NSH,Himachal Pradesh,"171-172, 1712-1713, 171103",,
PATHANKOT NSH,NSH,Himachal Pradesh,"174-177, 1744, 1767-1769",,
JAMMU NSH,NSH,Jammu & Kashmir,180-185,,
SRINAGAR NSH,NSH,Jammu & Kashmir,190-193,,
NEW DELHI NSH,NSH,New Delhi,"110, 194",,
RANCHI NSH,NSH,Jharkhand,"814-816, 822, 825-829, 831-835",,
BHOPAL NSH,NSH,Madhya Pradesh,"460-464, 466, 470-477, 480-488, 4656",,
INDORE NSH,NSH,Madhya Pradesh,"450-458, 4650-4655",,
GUWAHATI NSH,NSH,Assam / North East,781-799,,
CHANDIGARH NSH,NSH,Punjab,"140, 147, 160-170",,
LUDHIANA NSH,NSH,Punjab,"141-146, 148-152, 1408",,
DEHRADUN NSH,NSH,Uttarakhand,"248-249, 2460-2464, 247663-247668, 247670-247671, 263, 2625, 244712-244717, 262308-262311, 262401-262405",,
KOLKATA NSH,NSH,West Bengal,"700, 711-713, 721-723, 731, 741-744",,
SILIGURI NSH,NSH,West Bengal,732-737,,
1 CBPO (APS),NSH,APS,900056,,
2 CBPO (APS),NSH,APS,900099,,
ARSIKERE ICH,ICH,Karnataka,"573, 5771, 5772, 5775, 577228, 577547-577550",,
BELAGAVI ICH,ICH,Karnataka,590-591,,
BENGALURU NSH,NSH,Karnataka,560-562,,
HUBLI-DHARWAD NSH,NSH,Karnataka,580-582,,
KALABURGI ICH,ICH,Karnataka,585,,
MYSORE ICH,ICH,Karnataka,570-571,,
MANGALORE NSH,NSH,Karnataka,574-576,,
SHIVAMOGGA ICH,ICH,Karnataka,"5772-5774, 577115, 577214, 577216, 577220, 577222, 577226-577229, 577232-577245",,
DAVANGERE ICH,ICH,Karnataka,"5770, 5775, 5776, 577213, 577215, 577217-577219, 577221, 577223-577225, 577230, 577231",,
TUMKUR ICH,ICH,Karnataka,"572, 561202",,
BANGARPET ICH,ICH,Karnataka,563,,
KUMTA ICH,ICH,Karnataka,"5813, 581400, 581421, 581440",,
RAICHUR ICH,ICH,Karnataka,584,,
VIJAYAPURA ICH,ICH,Karnataka,586,,
BAGALKOT ICH,ICH,Karnataka,587,,
HOSAPETE ICH,ICH,Karnataka,583,,
KANNUR ICH,ICH,Kerala,670-671,,
KOZHIKODE ICH,ICH,Kerala,673-676,KOCHI NSH,
THRISSUR ICH,ICH,Kerala,679-680,KOCHI NSH,
KOCHI NSH,NSH,Kerala,"682-683, 686, 688",,
THIRUVANANTHAPURAM NSH,NSH,Kerala,689-695,,
HYDERABAD NSH,NSH,Telangana,500-509,,
PATNA NSH,NSH,Bihar,"800-813, 821, 823-824, 841-848, 851-855",,
RAIPUR NSH,NSH,Chhattisgarh,490-497,,
AHMEDABAD NSH,NSH,Gujarat,"364-365, 370, 380-393, 394115, 394116, 394810",,
SURAT NSH,NSH,Gujarat,394-396,,
RAJKOT NSH,NSH,Gujarat,"360-363, 382745, 382750, 382755, 382760, 382765, 382775, 382780",,
BHUBANESWAR NSH,NSH,Odisha,751-770,,
JAIPUR NSH,NSH,Rajasthan,"301-314, 321-333",,
JODHPUR NSH,NSH,Rajasthan,"334-342, 344-345, 305026, 331801, 331803",,
AGRA NSH,NSH,Uttar Pradesh,"202, 204, 281-284",,
PRAYAGRAJ NSH,NSH,Uttar Pradesh,"211, 230-231, 2120-2125, 2127-2129, 2215, 2284-2289, 229408-229499",,
VARANASI NSH,NSH,Uttar Pradesh,"223, 232-233, 275-277, 2210-2214, 2216-2222",,
KANPUR NSH,NSH,Uttar Pradesh,"205-206, 208-210, 285, 2126",,
LUCKNOW NSH,NSH,Uttar Pradesh,"207, 224-227, 241-244, 261-262, 271-274, 2223-2229, 2280-2283, 2290-2293, 2295-2299, 2627-2629, 229401-229406",,
GHAZIABAD NSH,NSH,Uttar Pradesh,"201, 203, 245-247, 250-252, 2043-2049",,
